fixed acidity,volatile acidity,citric acid,chlorides,density,pH,alcohol,quality
7.4,0.7,0,0.076,0.9978,3.51,9.4,5
7.8,0.88,0,0.098,0.9968,3.2,9.8,5
7.8,0.76,0.04,0.092,0.997,3.26,9.8,5
11.2,0.28,0.56,0.075,0.998,3.16,9.8,6
7.4,0.7,0,0.076,0.9978,3.51,9.4,5
7.4,0.66,0,0.075,0.9978,3.51,9.4,5
7.9,0.6,0.06,0.069,0.9964,3.3,9.4,5
7.3,0.65,0,0.065,0.9946,3.39,10,7
7.8,0.58,0.02,0.073,0.9968,3.36,9.5,7
7.5,0.5,0.36,0.071,0.9978,3.35,10.5,5
6.7,0.58,0.08,0.097,0.9959,3.28,9.2,5
7.5,0.5,0.36,0.071,0.9978,3.35,10.5,5
5.6,0.615,0,0.089,0.9943,3.58,9.9,5
7.8,0.61,0.29,0.114,0.9974,3.26,9.1,5
8.9,0.62,0.18,0.176,0.9986,3.16,9.2,5
8.9,0.62,0.19,0.17,0.9986,3.17,9.2,5
8.5,0.28,0.56,0.092,0.9969,3.3,10.5,7
8.1,0.56,0.28,0.368,0.9968,3.11,9.3,5
7.4,0.59,0.08,0.086,0.9974,3.38,9,4
7.9,0.32,0.51,0.341,0.9969,3.04,9.2,6
8.9,0.22,0.48,0.077,0.9968,3.39,9.4,6
7.6,0.39,0.31,0.082,0.9982,3.52,9.7,5
7.9,0.43,0.21,0.106,0.9966,3.17,9.5,5
8.5,0.49,0.11,0.084,0.9968,3.17,9.4,5
6.9,0.4,0.14,0.085,0.9968,3.43,9.7,6
6.3,0.39,0.16,0.08,0.9955,3.34,9.3,5
7.6,0.41,0.24,0.08,0.9962,3.28,9.5,5
7.9,0.43,0.21,0.106,0.9966,3.17,9.5,5
7.1,0.71,0,0.08,0.9972,3.47,9.4,5
7.8,0.645,0,0.082,0.9964,3.38,9.8,6
6.7,0.675,0.07,0.089,0.9958,3.35,10.1,5
6.9,0.685,0,0.105,0.9966,3.46,10.6,6
8.3,0.655,0.12,0.083,0.9966,3.17,9.8,5
6.9,0.605,0.12,0.073,0.9993,3.45,9.4,6
5.2,0.32,0.25,0.103,0.9957,3.38,9.2,5
7.8,0.645,0,0.086,0.9986,3.4,9.6,6
7.8,0.6,0.14,0.086,0.9975,3.42,10.8,6
8.1,0.38,0.28,0.066,0.9968,3.23,9.7,7
5.7,1.13,0.09,0.172,0.994,3.5,9.8,4
7.3,0.45,0.36,0.074,0.9978,3.33,10.5,5
7.3,0.45,0.36,0.074,0.9978,3.33,10.5,5
8.8,0.61,0.3,0.088,0.9976,3.26,9.3,4
7.5,0.49,0.2,0.332,0.9968,3.21,10.5,6
8.1,0.66,0.22,0.069,0.9968,3.3,10.3,5
6.8,0.67,0.02,0.05,0.9962,3.48,9.5,5
4.6,0.52,0.15,0.054,0.9934,3.9,13.1,4
7.7,0.935,0.43,0.114,0.997,3.25,9.2,5
8.7,0.29,0.52,0.113,0.9969,3.25,9.5,5
6.4,0.4,0.23,0.066,0.9958,3.34,9.2,5
5.6,0.31,0.37,0.074,0.9954,3.32,9.2,5
8.8,0.66,0.26,0.074,0.9971,3.15,9.2,5
6.6,0.52,0.04,0.069,0.9956,3.4,9.4,6
6.6,0.5,0.04,0.068,0.9955,3.39,9.4,6
8.6,0.38,0.36,0.081,0.997,3.2,9.4,5
7.6,0.51,0.15,0.11,0.9955,3.17,10.2,6
7.7,0.62,0.04,0.084,0.9978,3.34,9.5,5
10.2,0.42,0.57,0.07,0.9971,3.04,9.6,5
7.5,0.63,0.12,0.111,0.9983,3.26,9.4,5
7.8,0.59,0.18,0.076,0.9975,3.43,10,5
7.3,0.39,0.31,0.074,0.9962,3.41,9.4,6
8.8,0.4,0.4,0.079,0.998,3.44,9.2,5
7.7,0.69,0.49,0.115,0.9968,3.21,9.3,5
7.5,0.52,0.16,0.085,0.9968,3.38,9.5,7
7,0.735,0.05,0.081,0.9966,3.39,9.8,5
7.2,0.725,0.05,0.086,0.9962,3.41,10.9,5
7.2,0.725,0.05,0.086,0.9962,3.41,10.9,5
7.5,0.52,0.11,0.079,0.9968,3.42,9.6,5
6.6,0.705,0.07,0.076,0.9962,3.44,10.7,5
9.3,0.32,0.57,0.074,0.9969,3.28,10.7,5
8,0.705,0.05,0.074,0.9962,3.34,10.5,6
7.7,0.63,0.08,0.076,0.9967,3.32,9.5,6
7.7,0.67,0.23,0.088,0.9962,3.32,9.5,5
7.7,0.69,0.22,0.084,0.9961,3.31,9.5,5
8.3,0.675,0.26,0.084,0.9976,3.31,9.2,4
9.7,0.32,0.54,0.094,0.9984,3.28,9.6,5
8.8,0.41,0.64,0.093,0.9986,3.54,10.5,5
8.8,0.41,0.64,0.093,0.9986,3.54,10.5,5
6.8,0.785,0,0.104,0.9966,3.52,10.7,6
6.7,0.75,0.12,0.086,0.9958,3.38,10.1,5
8.3,0.625,0.2,0.08,0.9972,3.16,9.1,4
6.2,0.45,0.2,0.069,0.9958,3.41,9.2,5
7.8,0.43,0.7,0.464,0.9974,3.13,9.4,5
7.4,0.5,0.47,0.086,0.997,3.36,9.1,5
7.3,0.67,0.26,0.401,0.9969,3.16,9.4,5
6.3,0.3,0.48,0.069,0.9959,3.44,10.3,6
6.9,0.55,0.15,0.076,0.9961,3.41,10.1,5
8.6,0.49,0.28,0.11,0.9972,2.93,9.9,6
7.7,0.49,0.26,0.062,0.9966,3.39,9.6,5
9.3,0.39,0.44,0.107,0.9978,3.14,9.5,5
7,0.62,0.08,0.076,0.9978,3.48,9,5
7.9,0.52,0.26,0.079,0.9964,3.23,9.5,5
8.6,0.49,0.28,0.11,0.9972,2.93,9.9,6
8.6,0.49,0.29,0.11,0.9972,2.93,9.8,5
7.7,0.49,0.26,0.062,0.9966,3.39,9.6,5
5,1.02,0.04,0.045,0.9938,3.75,10.5,4
4.7,0.6,0.17,0.058,0.9932,3.85,12.9,6
6.8,0.775,0,0.102,0.9965,3.45,10.7,5
7,0.5,0.25,0.07,0.9963,3.25,9.2,5
7.6,0.9,0.06,0.079,0.9967,3.39,9.8,5
8.1,0.545,0.18,0.08,0.9972,3.3,9,6
8.3,0.61,0.3,0.084,0.9972,3.4,10.2,6
7.8,0.5,0.3,0.075,0.9959,3.31,10.4,6
8.1,0.545,0.18,0.08,0.9972,3.3,9,6
8.1,0.575,0.22,0.077,0.9967,3.29,9.2,5
7.2,0.49,0.24,0.07,0.996,3.33,9.4,5
8.1,0.575,0.22,0.077,0.9967,3.29,9.2,5
7.8,0.41,0.68,0.467,0.9973,3.08,9.3,5
6.2,0.63,0.31,0.088,0.9969,3.46,9.3,5
8,0.33,0.53,0.091,0.9976,3.37,9.6,6
8.1,0.785,0.52,0.122,0.9969,3.21,9.3,5
7.8,0.56,0.19,0.104,0.9964,3.19,9.5,5
8.4,0.62,0.09,0.084,0.9964,3.15,9.8,5
8.4,0.6,0.1,0.085,0.9964,3.15,9.8,5
10.1,0.31,0.44,0.08,0.9988,3.32,9.7,6
7.8,0.56,0.19,0.104,0.9964,3.19,9.5,5
9.4,0.4,0.31,0.09,0.9966,3.07,10.5,6
8.3,0.54,0.28,0.077,0.9978,3.39,10,6
7.8,0.56,0.12,0.082,0.997,3.37,9.4,6
8.8,0.55,0.04,0.119,0.9962,3.21,10.9,6
7,0.69,0.08,0.097,0.9959,3.34,9.2,6
7.3,1.07,0.09,0.178,0.9962,3.3,9,5
8.8,0.55,0.04,0.119,0.9962,3.21,10.9,6
7.3,0.695,0,0.075,0.998,3.49,9.2,5
8,0.71,0,0.08,0.9976,3.44,9.5,5
7.8,0.5,0.17,0.082,0.996,3.39,9.5,5
9,0.62,0.04,0.146,0.9984,3.16,9.4,5
8.2,1.33,0,0.081,0.9964,3.53,10.9,5
8.1,1.33,0,0.082,0.9964,3.54,10.9,5
8,0.59,0.16,0.065,0.9962,3.42,10.5,7
6.1,0.38,0.15,0.072,0.9955,3.42,9.4,5
8,0.745,0.56,0.118,0.9968,3.24,9.4,5
5.6,0.5,0.09,0.049,0.9937,3.63,13,5
5.6,0.5,0.09,0.049,0.9937,3.63,13,5
6.6,0.5,0.01,0.06,0.9952,3.4,9.8,6
7.9,1.04,0.05,0.084,0.9959,3.22,9.9,6
8.4,0.745,0.11,0.09,0.9965,3.19,9.6,5
8.3,0.715,0.15,0.089,0.9968,3.23,9.5,5
7.2,0.415,0.36,0.081,0.9972,3.48,9.2,5
7.8,0.56,0.19,0.081,0.9962,3.33,9.5,5
7.8,0.56,0.19,0.081,0.9962,3.32,9.5,5
8.4,0.745,0.11,0.09,0.9965,3.19,9.6,5
8.3,0.715,0.15,0.089,0.9968,3.23,9.5,5
5.2,0.34,0,0.05,0.9916,3.68,14,6
6.3,0.39,0.08,0.066,0.9954,3.34,9.4,5
5.2,0.34,0,0.05,0.9916,3.68,14,6
8.1,0.67,0.55,0.117,0.9968,3.17,9.4,5
5.8,0.68,0.02,0.087,0.9944,3.54,10,5
7.6,0.49,0.26,0.236,0.9968,3.11,9.3,5
6.9,0.49,0.1,0.074,0.9959,3.42,10.2,6
8.2,0.4,0.44,0.089,0.9975,3.53,10.5,6
7.3,0.33,0.47,0.077,0.9958,3.33,10.3,6
9.2,0.52,1,0.61,0.9996,2.74,9.4,4
7.5,0.6,0.03,0.095,0.995,3.35,10.1,5
7.5,0.6,0.03,0.095,0.995,3.35,10.1,5
7.1,0.43,0.42,0.07,0.9973,3.42,10.5,5
7.1,0.43,0.42,0.071,0.9973,3.42,10.5,5
7.1,0.43,0.42,0.07,0.9973,3.42,10.5,5
7.1,0.43,0.42,0.071,0.9973,3.42,10.5,5
7.1,0.68,0,0.073,0.9969,3.48,9.3,5
6.8,0.6,0.18,0.079,0.9968,3.59,9.3,6
7.6,0.95,0.03,0.09,0.9959,3.2,9.6,5
7.6,0.68,0.02,0.072,0.9965,3.17,9.2,4
7.8,0.53,0.04,0.076,0.9964,3.33,10,6
7.4,0.6,0.26,0.07,0.9982,3.37,9.4,5
7.3,0.59,0.26,0.07,0.9981,3.37,9.4,5
7.8,0.63,0.48,0.1,0.9961,3.19,9.5,5
6.8,0.64,0.1,0.085,0.9956,3.34,10.2,5
7.3,0.55,0.03,0.072,0.9956,3.37,9,4
6.8,0.63,0.07,0.089,0.9953,3.47,10.4,6
7.5,0.705,0.24,0.36,0.9964,3,9.5,5
7.9,0.885,0.03,0.058,0.9972,3.36,9.1,4
8,0.42,0.17,0.073,0.9972,3.29,9.2,6
8,0.42,0.17,0.073,0.9972,3.29,9.2,6
7.4,0.62,0.05,0.068,0.9961,3.42,11.5,6
7.3,0.38,0.21,0.08,0.9961,3.33,9.5,5
6.9,0.5,0.04,0.085,0.9958,3.35,9.5,5
7.3,0.38,0.21,0.08,0.9961,3.33,9.5,5
7.5,0.52,0.42,0.087,0.9972,3.58,10.5,6
7,0.805,0,0.068,0.9969,3.48,9.6,5
8.8,0.61,0.14,0.067,0.9969,3.19,9.5,5
8.8,0.61,0.14,0.067,0.9969,3.19,9.5,5
8.9,0.61,0.49,0.27,0.9972,3.12,9.3,5
7.2,0.73,0.02,0.076,0.9972,3.44,9.3,5
6.8,0.61,0.2,0.077,0.9971,3.54,9.3,5
6.7,0.62,0.21,0.079,0.997,3.52,9.3,6
8.9,0.31,0.57,0.111,0.9971,3.26,9.7,5
7.4,0.39,0.48,0.082,0.9972,3.34,9.2,5
7.7,0.705,0.1,0.084,0.9976,3.39,9.7,5
7.9,0.5,0.33,0.084,0.9968,3.2,9.5,5
7.9,0.49,0.32,0.082,0.9968,3.2,9.5,5
8.2,0.5,0.35,0.077,0.9976,3.23,9.4,5
6.4,0.37,0.25,0.074,0.9974,3.57,9.8,6
6.8,0.63,0.12,0.099,0.9969,3.28,9.5,5
7.6,0.55,0.21,0.071,0.9964,3.28,9.7,5
7.6,0.55,0.21,0.071,0.9964,3.28,9.7,5
7.8,0.59,0.33,0.074,0.9968,3.25,9.4,5
7.3,0.58,0.3,0.074,0.9968,3.46,10.2,5
11.5,0.3,0.6,0.067,0.9981,3.11,10.1,6
5.4,0.835,0.08,0.046,0.9924,3.57,13,7
6.9,1.09,0.06,0.061,0.9948,3.51,11.4,4
9.6,0.32,0.47,0.056,0.99695,3.22,10.3,7
8.8,0.37,0.48,0.097,0.9975,3.04,9.3,5
6.8,0.5,0.11,0.075,0.99545,3.36,9.5,5
7,0.42,0.35,0.088,0.9961,3.34,9.2,5
7,0.43,0.36,0.089,0.99615,3.34,9.2,6
12.8,0.3,0.74,0.095,0.9994,3.2,10.8,7
12.8,0.3,0.74,0.095,0.9994,3.2,10.8,7
7.8,0.57,0.31,0.069,0.99625,3.29,9.3,5
7.8,0.44,0.28,0.1,0.9966,3.22,9.4,5
11,0.3,0.58,0.054,0.998,3.31,10.5,7
9.7,0.53,0.6,0.039,0.99585,3.3,12.4,6
8,0.725,0.24,0.083,0.99685,3.35,10,6
11.6,0.44,0.64,0.059,0.998,3.21,10.2,6
8.2,0.57,0.26,0.06,0.9959,3.3,10.1,5
7.8,0.735,0.08,0.092,0.9974,3.24,9.8,6
7,0.49,0.49,0.06,0.9974,3.34,10.5,5
8.7,0.625,0.16,0.101,0.9962,3.14,11,5
8.1,0.725,0.22,0.072,0.9967,3.36,9.1,5
7.5,0.49,0.19,0.076,0.9957,3.39,9.7,5
7.8,0.53,0.33,0.08,0.99655,3.3,9.5,5
7.8,0.34,0.37,0.082,0.9964,3.34,9.4,6
7.4,0.53,0.26,0.101,0.9957,3.15,9.4,5
6.8,0.61,0.04,0.057,0.99525,3.42,9.5,5
8.6,0.645,0.25,0.083,0.99815,3.28,10,6
8.4,0.635,0.36,0.089,0.99745,3.31,10.4,4
7.7,0.43,0.25,0.073,0.99615,3.37,10.5,6
8.9,0.59,0.5,0.337,0.9964,3.04,9.5,6
9,0.82,0.14,0.089,0.9984,3.39,9.8,5
7.7,0.43,0.25,0.073,0.99615,3.37,10.5,6
6.9,0.52,0.25,0.081,0.99685,3.46,11,5
5.2,0.48,0.04,0.054,0.9927,3.54,12.2,7
8,0.38,0.06,0.078,0.99625,3.37,9.9,6
8.5,0.37,0.2,0.09,0.998,3.34,9.6,6
6.9,0.52,0.25,0.081,0.99685,3.46,11,5
8.2,1,0.09,0.065,0.99685,3.32,9,6
7.2,0.63,0,0.097,0.99675,3.37,9,6
7.2,0.63,0,0.097,0.99675,3.37,9,6
7.2,0.645,0,0.097,0.99675,3.37,9.2,6
7.2,0.63,0,0.097,0.99675,3.37,9,6
8.2,1,0.09,0.065,0.99685,3.32,9,6
8.9,0.635,0.37,0.263,0.9971,3,9.3,5
12,0.38,0.56,0.093,0.99925,3.14,10.9,6
7.7,0.58,0.1,0.102,0.99565,3.08,9.8,6
15,0.21,0.44,0.075,1.00005,3.07,9.2,7
15,0.21,0.44,0.075,1.00005,3.07,9.2,7
7.3,0.66,0,0.084,0.9983,3.61,9.9,6
7.1,0.68,0.07,0.075,0.99685,3.38,9.5,5
8.2,0.6,0.17,0.072,0.9963,3.2,9.3,5
7.7,0.53,0.06,0.074,0.99615,3.35,9.8,6
7.3,0.66,0,0.084,0.9983,3.61,9.9,6
10.8,0.32,0.44,0.063,0.9985,3.22,10,6
7.1,0.6,0,0.074,0.9972,3.47,9.9,6
11.1,0.35,0.48,0.09,0.9986,3.17,10.5,5
7.7,0.775,0.42,0.092,0.9959,3.23,9.5,5
7.1,0.6,0,0.074,0.9972,3.47,9.9,6
8,0.57,0.23,0.073,0.99675,3.26,9.3,5
9.4,0.34,0.37,0.075,0.998,3.22,9.2,5
6.6,0.695,0,0.075,0.9968,3.49,9.2,5
7.7,0.41,0.76,0.611,0.9968,3.06,9.4,5
10,0.31,0.47,0.085,0.99965,3.36,10.5,7
7.9,0.33,0.23,0.077,0.99625,3.29,9.3,5
7,0.975,0.04,0.087,0.99565,3.35,9.4,4
8,0.52,0.03,0.07,0.99575,3.34,10,5
7.9,0.37,0.23,0.077,0.9963,3.28,9.3,5
12.5,0.56,0.49,0.064,0.9999,3.08,10.9,5
11.8,0.26,0.52,0.071,0.9968,3.2,10.2,7
8.1,0.87,0,0.096,1.00025,3.6,9.8,4
7.9,0.35,0.46,0.078,0.9973,3.35,12.8,8
6.9,0.54,0.04,0.077,0.9987,3.69,9.4,6
11.5,0.18,0.51,0.104,0.9996,3.28,10.1,6
7.9,0.545,0.06,0.087,0.9965,3.36,10.7,6
11.5,0.18,0.51,0.104,0.9996,3.28,10.1,6
10.9,0.37,0.58,0.071,0.99935,3.22,10.1,5
8.4,0.715,0.2,0.076,0.99735,3.31,9.4,5
7.5,0.65,0.18,0.088,0.99915,3.38,9.4,5
7.9,0.545,0.06,0.087,0.9965,3.36,10.7,6
6.9,0.54,0.04,0.077,0.9987,3.69,9.4,6
11.5,0.18,0.51,0.104,0.9996,3.28,10.1,6
10.3,0.32,0.45,0.073,0.9976,3.23,12.6,8
8.9,0.4,0.32,0.087,0.9991,3.38,10.5,7
11.4,0.26,0.44,0.071,0.9986,3.12,9.3,6
7.7,0.27,0.68,0.358,0.9972,3.25,9.9,7
7.6,0.52,0.12,0.067,0.9971,3.36,9.1,5
8.9,0.4,0.32,0.087,0.9991,3.38,10.5,7
9.9,0.59,0.07,0.102,1.00015,3.31,9.8,5
9.9,0.59,0.07,0.102,1.00015,3.31,9.8,5
12,0.45,0.55,0.073,0.9997,3.1,10.3,6
7.5,0.4,0.12,0.092,0.9967,3.37,10.3,6
8.7,0.52,0.09,0.091,0.9976,3.34,10.6,7
11.6,0.42,0.53,0.105,1.001,3.2,9.2,5
8.7,0.52,0.09,0.091,0.9976,3.34,10.6,7
11,0.2,0.48,0.343,0.9979,3.3,10.5,5
10.4,0.55,0.23,0.091,0.9994,3.22,10.3,6
6.9,0.36,0.25,0.098,0.9964,3.41,10.1,6
13.3,0.34,0.52,0.094,1.0014,3.05,9.5,6
10.8,0.5,0.46,0.073,1.0001,3.05,9.5,5
10.6,0.83,0.37,0.086,0.9981,3.16,9.9,5
7.1,0.63,0.06,0.083,0.99855,3.67,9.6,5
7.2,0.65,0.02,0.094,0.9993,3.67,9.7,5
6.9,0.67,0.06,0.08,0.99845,3.68,9.6,5
7.5,0.53,0.06,0.086,0.9965,3.38,10.7,6
11.1,0.18,0.48,0.068,0.9973,3.22,10.1,6
8.3,0.705,0.12,0.092,0.9994,3.51,10,5
7.4,0.67,0.12,0.186,0.996,3.39,9.5,5
8.4,0.65,0.6,0.112,0.9973,3.2,9.2,5
10.3,0.53,0.48,0.063,0.9998,3.12,9.3,6
7.6,0.62,0.32,0.082,0.9966,3.36,9.4,5
10.3,0.41,0.42,0.213,0.9994,3.19,9.5,6
10.3,0.43,0.44,0.214,0.9994,3.19,9.5,6
7.4,0.29,0.38,0.062,0.9968,3.41,9.5,6
10.3,0.53,0.48,0.063,0.9998,3.12,9.3,6
7.9,0.53,0.24,0.072,0.996,3.27,9.4,6
9,0.46,0.31,0.093,0.99815,3.32,9.5,6
8.6,0.47,0.3,0.076,0.9976,3.3,9.4,5
7.4,0.36,0.29,0.087,0.99645,3.39,11,5
7.1,0.35,0.29,0.096,0.9962,3.42,11,6
9.6,0.56,0.23,0.102,0.9996,3.3,10.1,5
9.6,0.77,0.12,0.082,0.99865,3.3,10.4,6
9.8,0.66,0.39,0.083,0.9989,3.37,11.5,7
9.6,0.77,0.12,0.082,0.99865,3.3,10.4,6
9.8,0.66,0.39,0.083,0.9989,3.37,11.5,7
9.3,0.61,0.26,0.09,0.99975,3.24,9.7,5
7.8,0.62,0.05,0.079,0.99735,3.29,9.3,5
10.3,0.59,0.42,0.09,0.999,3.28,9.5,6
10,0.49,0.2,0.071,1.0015,3.16,9.2,6
10,0.49,0.2,0.071,1.0015,3.16,9.2,6
11.6,0.53,0.66,0.121,0.9978,3.05,11.5,7
10.3,0.44,0.5,0.107,0.998,3.28,11.5,5
13.4,0.27,0.62,0.082,1.0002,3.16,9.7,6
10.7,0.46,0.39,0.061,0.9981,3.18,9.5,5
10.2,0.36,0.64,0.122,0.998,3.23,12.5,6
10.2,0.36,0.64,0.122,0.998,3.23,12.5,6
8,0.58,0.28,0.066,0.9973,3.22,9.4,6
8.4,0.56,0.08,0.105,0.9958,3.13,11,5
7.9,0.65,0.01,0.078,0.9963,3.34,11.7,7
11.9,0.695,0.53,0.128,0.9992,3.17,12.2,7
8.9,0.43,0.45,0.052,0.9948,3.35,12.5,6
7.8,0.43,0.32,0.08,0.9974,3.31,10.3,5
12.4,0.49,0.58,0.103,1.0008,3.16,11.5,6
12.5,0.28,0.54,0.082,0.9997,3.11,9.8,7
12.2,0.34,0.5,0.066,1,3.12,9.2,6
10.6,0.42,0.48,0.065,0.9972,3.21,11.3,6
10.9,0.39,0.47,0.118,0.9982,3.3,9.8,6
10.9,0.39,0.47,0.118,0.9982,3.3,9.8,6
11.9,0.57,0.5,0.082,1.0006,3.12,10.7,6
7,0.685,0,0.067,0.9979,3.6,9.9,5
6.6,0.815,0.02,0.072,0.9955,3.58,12.3,7
13.8,0.49,0.67,0.093,0.9986,3.02,12,6
9.6,0.56,0.31,0.089,0.9979,3.11,10,6
9.1,0.785,0,0.093,0.9994,3.36,9.4,6
10.7,0.67,0.22,0.107,1.0004,3.28,9.9,6
9.1,0.795,0,0.096,0.9994,3.35,9.4,6
7.7,0.665,0,0.09,0.9974,3.27,9.3,5
13.5,0.53,0.79,0.12,1.0018,3.18,13,5
6.1,0.21,0.4,0.066,0.9912,3.25,11.9,6
6.7,0.75,0.01,0.078,0.9955,3.55,12.8,6
11.5,0.41,0.52,0.08,1.0001,3.26,11,5
10.5,0.42,0.66,0.116,0.997,3.24,11.7,7
11.9,0.43,0.66,0.109,1,3.15,10.4,7
12.6,0.38,0.66,0.088,1.001,3.17,9.8,6
8.2,0.7,0.23,0.099,0.9973,3.19,9.4,5
8.6,0.45,0.31,0.086,0.9982,3.37,9.9,6
11.9,0.58,0.66,0.072,0.9992,3.05,10,5
12.5,0.46,0.63,0.071,0.9988,2.99,10.2,5
12.8,0.615,0.66,0.083,1.0022,3.07,10,7
10,0.42,0.5,0.107,0.9979,3.26,11.8,6
12.8,0.615,0.66,0.083,1.0022,3.07,10,7
10.4,0.575,0.61,0.076,1,3.16,9,5
10.3,0.34,0.52,0.159,0.9998,3.18,9.4,5
9.4,0.27,0.53,0.074,0.9962,3.2,12,7
6.9,0.765,0.02,0.063,0.9975,3.57,9.9,5
7.9,0.24,0.4,0.056,0.9967,3.32,8.7,6
9.1,0.28,0.48,0.067,0.9967,3.32,10.6,6
7.4,0.55,0.22,0.106,0.9959,3.05,9.2,5
14,0.41,0.63,0.089,1.0014,3.01,10.8,6
11.5,0.54,0.71,0.124,0.9984,3.01,11.8,7
11.5,0.45,0.5,0.078,1.0003,3.26,11,6
9.4,0.27,0.53,0.074,0.9962,3.2,12,7
11.4,0.625,0.66,0.088,0.9988,3.11,13.3,6
8.3,0.42,0.38,0.094,0.9979,3.31,10.8,6
8.3,0.26,0.42,0.08,0.9974,3.21,9.4,6
13.7,0.415,0.68,0.085,1.0014,3.06,10,6
8.3,0.26,0.42,0.08,0.9974,3.21,9.4,6
8.3,0.26,0.42,0.08,0.9974,3.21,9.4,6
7.7,0.51,0.28,0.087,0.998,3.42,9.2,5
7.4,0.63,0.07,0.09,0.9979,3.43,9.7,6
7.8,0.54,0.26,0.088,0.9981,3.41,9.2,6
8.3,0.66,0.15,0.079,0.9972,3.31,9.6,6
7.8,0.46,0.26,0.088,0.9981,3.43,9.2,6
9.6,0.38,0.31,0.096,0.9982,3.19,10,7
5.6,0.85,0.05,0.045,0.9924,3.56,12.9,8
13.7,0.415,0.68,0.085,1.0014,3.06,10,6
9.5,0.37,0.52,0.082,0.998,3.18,9.5,5
8.4,0.665,0.61,0.112,0.997,3.16,9.1,5
12.7,0.6,0.65,0.063,0.9997,3.03,9.9,5
12,0.37,0.76,0.066,1.0004,3.22,13,7
6.6,0.735,0.02,0.122,0.9994,3.47,9.9,5
11.5,0.59,0.59,0.087,0.9988,3.18,11,6
11.5,0.59,0.59,0.087,0.9988,3.18,11,6
8.7,0.765,0.22,0.064,0.9963,3.1,9.4,5
6.6,0.735,0.02,0.122,0.9994,3.47,9.9,5
7.7,0.26,0.3,0.059,0.9949,3.29,10.8,6
12.2,0.48,0.54,0.085,1,3.1,10.5,6
11.4,0.6,0.49,0.085,0.9994,3.15,10.5,6
7.7,0.69,0.05,0.075,0.9974,3.26,9.1,5
8.7,0.31,0.46,0.059,0.9966,3.36,10.1,6
9.8,0.44,0.47,0.063,0.9981,3.24,10.8,6
12,0.39,0.66,0.093,0.9996,3.18,10.8,7
10.4,0.34,0.58,0.174,0.997,3.19,11.3,6
12.5,0.46,0.49,0.07,0.9981,3.05,9.6,4
9,0.43,0.34,0.08,0.9987,3.38,9.5,6
9.1,0.45,0.35,0.08,0.9987,3.38,9.5,5
7.1,0.735,0.16,0.1,0.9966,3.27,9.3,5
9.9,0.4,0.53,0.097,0.9986,3.27,11.7,7
8.8,0.52,0.34,0.087,0.9982,3.26,9.5,5
8.6,0.725,0.24,0.117,1.0014,3.32,9.3,5
10.6,0.48,0.64,0.111,0.997,3.26,11.7,6
7,0.58,0.12,0.091,0.9956,3.44,10.5,5
11.9,0.38,0.51,0.121,0.9996,3.24,10.4,6
6.8,0.77,0,0.066,0.9976,3.62,9.9,5
9.5,0.56,0.33,0.089,0.9972,3.28,11.8,7
6.6,0.84,0.03,0.059,0.9952,3.52,12.3,7
7.7,0.96,0.2,0.047,0.9955,3.36,10.9,5
10.5,0.24,0.47,0.066,0.9978,3.15,11,7
7.7,0.96,0.2,0.047,0.9955,3.36,10.9,5
6.6,0.84,0.03,0.059,0.9952,3.52,12.3,7
6.4,0.67,0.08,0.045,0.9949,3.49,11.4,6
9.5,0.78,0.22,0.077,0.9988,3.26,10.6,6
9.1,0.52,0.33,0.07,0.9978,3.24,9.3,5
12.8,0.84,0.63,0.088,0.9997,3.1,10.4,6
10.5,0.24,0.47,0.066,0.9978,3.15,11,7
7.8,0.55,0.35,0.074,0.9974,3.25,9.2,5
11.9,0.37,0.69,0.078,0.9958,3,12.8,6
12.3,0.39,0.63,0.091,1.0004,3.16,9.5,5
10.4,0.41,0.55,0.076,0.9996,3.15,9.9,6
12.3,0.39,0.63,0.091,1.0004,3.16,9.5,5
8,0.67,0.3,0.06,0.9958,3.26,10.2,6
11.1,0.45,0.73,0.066,0.9986,3.17,11.2,6
10.4,0.41,0.55,0.076,0.9996,3.15,9.9,6
7,0.62,0.18,0.062,0.9951,3.08,9.3,5
12.6,0.31,0.72,0.072,0.9987,2.88,9.8,8
11.9,0.4,0.65,0.068,0.9988,3.06,11.3,6
15.6,0.685,0.76,0.1,1.0032,2.95,11.2,7
10,0.44,0.49,0.077,0.9963,3.23,11.6,7
5.3,0.57,0.01,0.054,0.9934,3.57,12.5,7
9.5,0.735,0.1,0.079,0.9986,3.23,10.1,6
12.5,0.38,0.6,0.081,0.9996,3.1,10.5,5
9.3,0.48,0.29,0.127,0.9968,3.22,11.2,5
8.6,0.53,0.22,0.1,0.9967,3.2,10.2,6
11.9,0.39,0.69,0.095,0.9994,3.1,10.8,6
11.9,0.39,0.69,0.095,0.9994,3.1,10.8,6
8.4,0.37,0.53,0.413,0.9979,3.06,9.1,6
6.8,0.56,0.03,0.084,0.9968,3.44,10,6
10.4,0.33,0.63,0.084,0.9998,3.26,11.2,7
7,0.23,0.4,0.063,0.9952,3.5,11.1,5
11.3,0.62,0.67,0.086,0.9988,3.22,13.4,8
8.9,0.59,0.39,0.095,0.9986,3.37,10.3,5
9.2,0.63,0.21,0.097,0.9988,3.28,9.6,5
10.4,0.33,0.63,0.084,0.9998,3.26,11.2,7
11.6,0.58,0.66,0.074,1.0008,3.25,9,3
9.2,0.43,0.52,0.083,0.9976,3.35,11.3,6
8.3,0.615,0.22,0.087,0.9982,3.26,9.3,5
11,0.26,0.68,0.085,0.997,3.18,11.8,5
8.1,0.66,0.7,0.098,0.9972,3.08,9,5
11.5,0.315,0.54,0.084,0.9987,2.98,9.2,6
10,0.29,0.4,0.098,1.0006,3.48,9.7,5
10.3,0.5,0.42,0.069,0.9982,3.16,11.5,6
8.8,0.46,0.45,0.065,0.9947,3.32,14,6
11.4,0.36,0.69,0.09,1,3.17,9.2,6
8.7,0.82,0.02,0.07,0.9952,3.2,9.8,5
13,0.32,0.65,0.093,0.9996,3.05,10.6,5
9.6,0.54,0.42,0.081,0.997,3.2,11.4,6
12.5,0.37,0.55,0.083,0.9995,3.15,10.4,6
9.9,0.35,0.55,0.062,0.9971,3.26,10.6,5
10.5,0.28,0.51,0.08,0.9982,3.2,9.4,6
9.6,0.68,0.24,0.087,0.9988,3.14,10.2,5
9.3,0.27,0.41,0.091,0.998,3.28,9.7,5
10.4,0.24,0.49,0.075,0.9977,3.18,11,6
9.6,0.68,0.24,0.087,0.9988,3.14,10.2,5
9.4,0.685,0.11,0.077,0.9984,3.19,10.1,6
10.6,0.28,0.39,0.069,1.0026,3.12,9.2,5
9.4,0.3,0.56,0.08,0.9964,3.15,11.7,8
10.6,0.36,0.59,0.152,0.9986,3.04,9.4,5
10.6,0.36,0.6,0.152,0.9986,3.04,9.4,5
10.6,0.44,0.68,0.114,0.997,3.06,13.4,6
10.2,0.67,0.39,0.054,0.9976,3.17,10,5
10.2,0.67,0.39,0.054,0.9976,3.17,10,5
10.2,0.645,0.36,0.053,0.9982,3.17,10,6
11.6,0.32,0.55,0.081,1.0002,3.32,10.8,7
9.3,0.39,0.4,0.073,0.9984,3.34,10.2,6
9.3,0.775,0.27,0.078,0.9984,3.31,10.6,6
9.2,0.41,0.5,0.055,0.9952,3.34,13.3,7
8.9,0.4,0.51,0.052,0.995,3.32,13.4,7
8.7,0.69,0.31,0.086,1.0002,3.48,11.6,6
6.5,0.39,0.23,0.051,0.9952,3.44,12.1,6
10.7,0.35,0.53,0.07,0.9972,3.15,11,8
7.8,0.52,0.25,0.081,0.9984,3.43,9,6
7.2,0.34,0.32,0.09,0.9966,3.32,11.1,5
10.7,0.35,0.53,0.07,0.9972,3.15,11,8
8.7,0.69,0.31,0.086,1.0002,3.48,11.6,6
7.8,0.52,0.25,0.081,0.9984,3.43,9,6
10.4,0.44,0.73,0.074,0.999,3.17,12,7
10.4,0.44,0.73,0.074,0.999,3.17,12,7
10.5,0.26,0.47,0.078,0.9976,3.18,10.9,7
10.5,0.24,0.42,0.077,0.9976,3.21,10.8,7
10.2,0.49,0.63,0.072,0.9968,3.16,12.5,7
10.4,0.24,0.46,0.075,0.9976,3.25,10.8,7
11.2,0.67,0.55,0.084,1,3.17,9.5,6
10,0.59,0.31,0.09,0.9994,3.18,10.2,6
13.3,0.29,0.75,0.084,0.9986,3.04,11.4,7
12.4,0.42,0.49,0.073,0.9978,3.02,9.5,5
10,0.59,0.31,0.09,0.9994,3.18,10.2,6
10.7,0.4,0.48,0.125,0.998,3.03,9.7,6
10.5,0.51,0.64,0.107,0.9973,3.09,11.8,7
10.5,0.51,0.64,0.107,0.9973,3.09,11.8,7
8.5,0.655,0.49,0.122,1.001,3.31,9.3,5
12.5,0.6,0.49,0.1,1.001,3.25,11.9,6
10.4,0.61,0.49,0.2,0.9994,3.16,8.4,3
10.9,0.21,0.49,0.088,0.9972,3.22,11.7,6
7.3,0.365,0.49,0.088,0.9966,3.36,11,5
9.8,0.25,0.49,0.088,0.9982,3.42,10,6
7.6,0.41,0.49,0.088,0.998,3.48,9.1,5
8.2,0.39,0.49,0.099,0.9979,3.38,9.8,5
9.3,0.4,0.49,0.085,0.9978,3.22,9.4,5
9.2,0.43,0.49,0.086,0.9976,3.23,9.5,5
10.4,0.64,0.24,0.105,0.9998,3.24,9.9,5
7.3,0.365,0.49,0.088,0.9966,3.36,11,5
7,0.38,0.49,0.097,0.9962,3.39,11.4,6
8.2,0.42,0.49,0.084,0.9988,3.34,8.7,6
9.9,0.63,0.24,0.077,0.9974,3.09,9.4,5
9.1,0.22,0.24,0.078,0.999,3.41,10.3,6
11.9,0.38,0.49,0.098,1.0004,3.16,10.3,5
11.9,0.38,0.49,0.098,1.0004,3.16,10.3,5
10.3,0.27,0.24,0.072,0.9956,3.22,12.8,6
10,0.48,0.24,0.102,1,3.28,10,6
9.1,0.22,0.24,0.078,0.999,3.41,10.3,6
9.9,0.63,0.24,0.077,0.9974,3.09,9.4,5
8.1,0.825,0.24,0.084,0.9972,3.37,10.7,6
12.9,0.35,0.49,0.066,1.0014,3.2,12,7
11.2,0.5,0.74,0.1,0.9996,3.22,11.2,5
9.2,0.59,0.24,0.101,0.9988,3.26,9.6,5
9.5,0.46,0.49,0.064,0.9988,3.21,11,6
9.3,0.715,0.24,0.07,0.9966,3.12,9.9,5
11.2,0.66,0.24,0.085,0.9993,3.06,11,6
14.3,0.31,0.74,0.075,1.0008,2.86,8.4,6
9.1,0.47,0.49,0.094,0.9982,3.08,9.1,5
7.5,0.55,0.24,0.078,0.9983,3.45,9.5,6
10.6,0.31,0.49,0.067,0.9987,3.26,10.7,6
12.4,0.35,0.49,0.079,0.9994,3.12,10.4,6
9,0.53,0.49,0.171,0.9975,3.27,9.4,6
6.8,0.51,0.01,0.074,0.9958,3.33,9.5,6
9.4,0.43,0.24,0.092,0.998,3.19,10,6
9.5,0.46,0.24,0.092,0.998,3.12,10,6
5,1.04,0.24,0.05,0.9934,3.74,11.5,5
15.5,0.645,0.49,0.095,1.00315,2.92,11.1,5
15.5,0.645,0.49,0.095,1.00315,2.92,11.1,5
10.9,0.53,0.49,0.118,1.0002,3.07,11.7,6
15.6,0.645,0.49,0.095,1.00315,2.92,11.1,5
10.9,0.53,0.49,0.118,1.0002,3.07,11.7,6
13,0.47,0.49,0.085,1.0021,3.3,12.7,6
12.7,0.6,0.49,0.075,0.9994,3.14,11.4,5
9,0.44,0.49,0.078,0.9978,3.23,9.2,5
9,0.54,0.49,0.094,0.9982,3.08,9.2,5
7.6,0.29,0.49,0.092,0.9971,3.31,10.1,6
13,0.47,0.49,0.085,1.0021,3.3,12.7,6
12.7,0.6,0.49,0.075,0.9994,3.14,11.4,5
8.7,0.7,0.24,0.226,0.9991,3.32,9,6
8.7,0.7,0.24,0.226,0.9991,3.32,9,6
9.8,0.5,0.49,0.25,0.999,3.31,10.7,6
6.2,0.36,0.24,0.095,0.9946,3.57,11.7,6
11.5,0.35,0.49,0.07,1.0003,3.32,11,6
6.2,0.36,0.24,0.095,0.9946,3.57,11.7,6
10.2,0.24,0.49,0.075,0.9978,3.14,10.4,5
10.5,0.59,0.49,0.07,0.9991,3.3,9.6,4
10.6,0.34,0.49,0.078,0.9992,3.19,10,6
12.3,0.27,0.49,0.079,0.9993,3.2,10.2,6
9.9,0.5,0.24,0.103,0.9978,3.34,10,4
8.8,0.44,0.49,0.083,0.9982,3.3,9.5,5
8.8,0.47,0.49,0.085,0.9982,3.29,9.8,5
10.6,0.31,0.49,0.063,0.9976,3.14,9.8,6
12.3,0.5,0.49,0.089,1.0002,3.19,9.6,5
12.3,0.5,0.49,0.089,1.0002,3.19,9.6,5
11.7,0.49,0.49,0.083,1,3.19,9.2,5
12,0.28,0.49,0.074,0.9976,2.98,9.9,7
11.8,0.33,0.49,0.093,1.0002,3.3,10.7,7
7.6,0.51,0.24,0.091,0.998,3.47,9.6,6
11.1,0.31,0.49,0.094,0.9986,3.12,10.6,7
7.3,0.73,0.24,0.108,0.9967,3.26,9.3,5
5,0.42,0.24,0.06,0.9917,3.72,14,8
10.2,0.29,0.49,0.059,0.9976,3.05,10.5,7
9,0.45,0.49,0.084,0.9987,3.35,9.7,5
6.6,0.39,0.49,0.07,0.9922,3.12,11.5,6
9,0.45,0.49,0.084,0.9987,3.35,9.7,5
9.9,0.49,0.58,0.094,1.0004,3.29,9,5
7.9,0.72,0.17,0.096,0.9978,3.4,9.5,5
8.9,0.595,0.41,0.086,0.9998,3.27,9.3,5
12.4,0.4,0.51,0.059,0.9994,3.04,9.3,6
11.9,0.58,0.58,0.071,0.998,3.09,10,6
8.5,0.585,0.18,0.078,0.9967,3.2,9.8,6
12.7,0.59,0.45,0.082,1,3,9.3,6
8.2,0.915,0.27,0.088,0.9962,3.26,10,4
13.2,0.46,0.52,0.071,1.0006,3.1,9,6
7.7,0.835,0,0.081,0.9975,3.3,9.3,5
13.2,0.46,0.52,0.071,1.0006,3.1,9,6
8.3,0.58,0.13,0.096,0.9984,3.17,9.1,6
8.3,0.6,0.13,0.085,0.9984,3.31,9.2,6
9.4,0.41,0.48,0.072,0.9973,3.34,12.2,7
8.8,0.48,0.41,0.092,0.9982,3.31,10.5,6
10.1,0.65,0.37,0.11,1.0026,3.32,10.4,6
6.3,0.36,0.19,0.075,0.9956,3.56,12.7,6
8.8,0.24,0.54,0.083,0.9983,3.39,9.2,5
13.2,0.38,0.55,0.081,1.0006,2.98,9.4,5
7.5,0.64,0,0.077,0.9965,3.32,10,6
8.2,0.39,0.38,0.058,0.9962,3.26,9.8,5
9.2,0.755,0.18,0.148,0.9969,2.87,10.2,6
9.6,0.6,0.5,0.079,0.9997,3.5,9.7,5
9.6,0.6,0.5,0.079,0.9997,3.5,9.7,5
11.5,0.31,0.51,0.079,0.9982,3.03,9.8,6
11.4,0.46,0.5,0.122,1.0006,3.13,10.2,5
11.3,0.37,0.41,0.088,0.9988,3.09,9.3,5
8.3,0.54,0.24,0.076,0.9976,3.27,9.4,5
8.2,0.56,0.23,0.078,0.9976,3.28,9.4,5
10,0.58,0.22,0.08,0.9974,3.13,9.5,5
7.9,0.51,0.25,0.077,0.9974,3.49,12.1,6
6.8,0.69,0,0.124,0.9997,3.46,10.2,5
6.8,0.69,0,0.124,0.9997,3.46,10.2,5
8.8,0.6,0.29,0.098,0.9988,3.36,9.1,5
8.8,0.6,0.29,0.098,0.9988,3.36,9.1,5
8.7,0.54,0.26,0.097,0.9976,3.27,9.3,6
7.6,0.685,0.23,0.111,0.9964,3.21,9.3,5
8.7,0.54,0.26,0.097,0.9976,3.27,9.3,6
10.4,0.28,0.54,0.105,0.9988,3.25,9.5,5
7.6,0.41,0.14,0.087,0.9964,3.32,10.5,6
10.1,0.935,0.22,0.105,1.001,3.43,11.3,4
7.9,0.35,0.21,0.073,0.9964,3.27,9.5,5
8.7,0.84,0,0.065,0.9954,3.27,9.7,5
9.6,0.88,0.28,0.086,0.9979,3.24,9.4,5
9.5,0.885,0.27,0.084,0.9978,3.24,9.4,5
7.7,0.915,0.12,0.143,0.9964,3.35,10.2,7
8.9,0.29,0.35,0.067,0.997,3.18,10.3,6
9.9,0.54,0.45,0.071,0.9991,3.39,9.4,5
9.5,0.59,0.44,0.071,0.9992,3.46,9.5,5
9.9,0.54,0.45,0.071,0.9991,3.39,9.4,5
9.5,0.59,0.44,0.071,0.9992,3.46,9.5,5
9.9,0.54,0.45,0.071,0.9991,3.39,9.4,5
7.8,0.64,0.1,0.115,0.9984,3.37,10.1,7
7.3,0.67,0.05,0.107,0.9972,3.4,10.1,5
8.3,0.845,0.01,0.07,0.9967,3.32,11,4
8.7,0.48,0.3,0.066,0.9964,3.33,11.2,7
6.7,0.42,0.27,0.068,0.9948,3.16,11.3,6
10.7,0.43,0.39,0.106,0.9986,2.89,9.6,5
9.8,0.88,0.25,0.104,1.001,3.41,11.2,5
15.9,0.36,0.65,0.096,0.9976,2.98,14.9,5
9.4,0.33,0.59,0.079,0.9976,3.12,12,6
8.6,0.47,0.47,0.074,0.9979,3.08,9.5,5
9.7,0.55,0.17,0.087,1.0004,3.14,9.4,5
10.7,0.43,0.39,0.106,0.9986,2.89,9.6,5
12,0.5,0.59,0.073,0.998,2.92,10.5,7
7.2,0.52,0.07,0.074,0.9973,3.32,9.6,6
7.1,0.84,0.02,0.096,0.997,3.41,11,4
7.2,0.52,0.07,0.074,0.9973,3.32,9.6,6
7.5,0.42,0.31,0.08,0.9978,3.31,9,5
7.2,0.57,0.06,0.076,0.9972,3.36,9.6,6
10.1,0.28,0.46,0.05,0.9974,3.04,10.2,6
12.1,0.4,0.52,0.092,1,3.03,10.2,5
9.4,0.59,0.14,0.084,0.9981,3.14,9.7,5
8.3,0.49,0.36,0.222,0.998,3.18,9.5,6
11.3,0.34,0.45,0.082,0.9988,2.94,9.2,6
10,0.73,0.43,0.059,0.9966,3.15,11,5
11.3,0.34,0.45,0.082,0.9988,2.94,9.2,6
6.9,0.4,0.24,0.083,0.9959,3.26,10,5
8.2,0.73,0.21,0.074,0.9968,3.2,9.5,5
9.8,1.24,0.34,0.079,0.998,3.15,9.5,5
8.2,0.73,0.21,0.074,0.9968,3.2,9.5,5
10.8,0.4,0.41,0.084,0.9984,3.08,9.3,6
9.3,0.41,0.39,0.064,0.9984,3.26,10.2,5
10.8,0.4,0.41,0.084,0.9984,3.08,9.3,6
8.6,0.8,0.11,0.084,0.9979,3.4,9.9,5
8.3,0.78,0.1,0.081,0.9983,3.48,10,5
10.8,0.26,0.45,0.06,0.9972,3.13,9.6,5
13.3,0.43,0.58,0.07,1.0004,3.06,9,5
8,0.45,0.23,0.094,0.9962,3.21,10.2,6
8.5,0.46,0.31,0.078,0.998,3.33,9.8,5
8.1,0.78,0.23,0.059,0.997,3.37,11.3,5
9.8,0.98,0.32,0.078,0.998,3.25,9.4,5
8.1,0.78,0.23,0.059,0.997,3.37,11.3,5
7.1,0.65,0.18,0.07,0.997,3.44,9.1,5
9.1,0.64,0.23,0.095,0.9998,3.28,9.7,5
7.7,0.66,0.04,0.039,0.9962,3.4,9.4,5
8.1,0.38,0.48,0.157,0.9976,3.3,9.4,5
7.4,1.185,0,0.097,0.9966,3.63,10.7,3
9.2,0.92,0.24,0.087,0.9998,3.48,9.8,5
8.6,0.49,0.51,0.422,0.9979,3.03,9,5
9,0.48,0.32,0.084,0.9984,3.32,9.4,5
9,0.47,0.31,0.084,0.9984,3.31,9.4,5
5.1,0.47,0.02,0.034,0.9921,3.9,12.8,6
7,0.65,0.02,0.066,0.9972,3.47,9.5,6
7,0.65,0.02,0.066,0.9972,3.47,9.5,6
9.4,0.615,0.28,0.087,1.0001,3.31,9.7,5
11.8,0.38,0.55,0.071,0.9986,3.11,10.8,6
10.6,1.02,0.43,0.076,0.9984,3.08,10.1,6
7,0.65,0.02,0.066,0.9972,3.47,9.5,6
7,0.64,0.02,0.067,0.997,3.47,9.4,6
7.5,0.38,0.48,0.073,0.9972,3.32,9.6,4
9.1,0.765,0.04,0.078,0.998,3.29,9.7,4
8.4,1.035,0.15,0.073,0.999,3.37,9.9,5
7,0.78,0.08,0.093,0.9956,3.4,10,5
7.4,0.49,0.19,0.077,0.9966,3.37,10.5,5
7.8,0.545,0.12,0.068,0.996,3.34,11.6,6
9.7,0.31,0.47,0.062,0.9983,3.27,10,6
10.6,1.025,0.43,0.08,0.9985,3.06,10.1,5
8.9,0.565,0.34,0.093,0.9998,3.38,9.5,5
8.7,0.69,0,0.084,0.9992,3.36,9.4,5
8,0.43,0.36,0.075,0.9976,3.34,9.4,5
9.9,0.74,0.28,0.078,0.998,3.28,9.8,5
7.2,0.49,0.18,0.069,0.9967,3.29,9.2,6
8,0.43,0.36,0.075,0.9976,3.34,9.4,5
7.6,0.46,0.11,0.079,0.9968,3.21,10,5
8.4,0.56,0.04,0.082,0.9976,3.22,9.6,5
7.1,0.66,0,0.086,0.9976,3.46,9.5,5
8.4,0.56,0.04,0.082,0.9976,3.22,9.6,5
8.9,0.48,0.24,0.094,0.9982,3.1,9.2,5
7.6,0.42,0.08,0.084,0.9968,3.21,10,5
7.1,0.31,0.3,0.053,0.9965,2.94,9.5,5
7.5,1.115,0.1,0.086,0.9958,3.54,11.2,4
9,0.66,0.17,0.077,0.9976,3.29,10.4,5
8.1,0.72,0.09,0.084,0.9994,3.43,11.1,6
6.4,0.57,0.02,0.067,0.997,3.46,9.5,5
6.4,0.57,0.02,0.067,0.997,3.46,9.5,5
6.4,0.865,0.03,0.071,0.995,3.61,12.7,6
9.5,0.55,0.66,0.387,0.9982,3.17,9.6,5
8.9,0.875,0.13,0.088,0.9994,3.44,11.5,5
7.3,0.835,0.03,0.092,0.9966,3.39,9.6,5
7,0.45,0.34,0.082,0.998,3.55,9.5,5
7.7,0.56,0.2,0.075,0.9987,3.48,9.3,5
7.7,0.965,0.1,0.112,0.9963,3.26,9.5,5
7.7,0.965,0.1,0.112,0.9963,3.26,9.5,5
8.2,0.59,0,0.093,1.0002,3.5,9.3,6
9,0.46,0.23,0.092,0.9983,3.1,9.2,5
9,0.69,0,0.088,0.999,3.35,9.3,5
8.3,0.76,0.29,0.075,0.9965,3.45,11.5,6
9.2,0.53,0.24,0.078,0.99788,3.21,9.5,5
6.5,0.615,0,0.065,0.9972,3.46,9.2,5
11.6,0.41,0.58,0.096,1.00024,3.13,10,5
11.1,0.39,0.54,0.095,1.0001,3.13,9.5,5
7.3,0.51,0.18,0.07,0.99768,3.52,9.5,6
8.2,0.34,0.38,0.08,0.9978,3.3,9,6
8.6,0.33,0.4,0.083,0.99782,3.3,9.4,5
7.2,0.5,0.18,0.071,0.99761,3.52,9.6,6
7.3,0.51,0.18,0.07,0.99768,3.52,9.5,6
8.3,0.65,0.1,0.089,0.99803,3.29,9.5,5
8.3,0.65,0.1,0.089,0.99803,3.29,9.5,5
7.6,0.54,0.13,0.097,0.99785,3.39,9.4,5
8.3,0.65,0.1,0.089,0.99803,3.29,9.5,5
7.8,0.48,0.68,0.415,0.99656,3.09,9.1,6
7.8,0.91,0.07,0.058,0.99525,3.51,10.7,6
6.3,0.98,0.01,0.057,0.99488,3.6,11.2,6
8.1,0.87,0,0.084,0.99656,3.25,9.8,5
8.1,0.87,0,0.084,0.99656,3.25,9.8,5
8.8,0.42,0.21,0.092,0.99823,3.19,9.2,5
9,0.58,0.25,0.075,0.99779,3.23,9.7,5
9.3,0.655,0.26,0.096,0.99738,3.25,9.6,5
8.8,0.7,0,0.069,0.99701,3.31,10,6
9.3,0.655,0.26,0.096,0.99738,3.25,9.6,5
9.1,0.68,0.11,0.093,0.99888,3.31,9.5,6
9.2,0.67,0.1,0.091,0.99888,3.31,9.5,6
8.8,0.59,0.18,0.089,0.99738,3.14,9.4,5
7.5,0.6,0.32,0.103,0.99938,3.45,9.5,5
7.1,0.59,0.02,0.082,0.99744,3.55,9.7,6
7.9,0.72,0.01,0.076,0.99668,3.39,9.6,5
7.1,0.59,0.02,0.082,0.99744,3.55,9.7,6
9.4,0.685,0.26,0.082,0.9978,3.28,9.4,5
9.5,0.57,0.27,0.082,0.99782,3.27,9.4,5
7.9,0.4,0.29,0.157,0.9973,3.3,9.5,6
7.9,0.4,0.3,0.157,0.99727,3.31,9.5,6
7.2,1,0,0.102,0.99586,3.43,10,5
6.9,0.765,0.18,0.243,0.99612,3.4,10.3,6
6.9,0.635,0.17,0.241,0.9961,3.4,10.3,6
8.3,0.43,0.3,0.079,0.99788,3.36,10.5,5
7.1,0.52,0.03,0.076,0.99745,3.5,9.8,5
7,0.57,0,0.19,0.99676,3.31,9.4,6
6.5,0.46,0.14,0.114,0.99732,3.66,9.8,5
9,0.82,0.05,0.081,0.99814,3.36,10,5
6.5,0.46,0.14,0.114,0.99732,3.66,9.8,5
7.1,0.59,0.01,0.077,0.99746,3.55,9.8,5
9.9,0.35,0.41,0.083,0.9982,3.21,9.5,5
9.9,0.35,0.41,0.083,0.9982,3.21,9.5,5
10,0.56,0.24,0.079,0.9991,3.18,10.1,6
10,0.56,0.24,0.079,0.9991,3.18,10.1,6
8.6,0.63,0.17,0.099,0.998,3.09,9.3,5
7.4,0.37,0.43,0.082,0.99708,3.33,9.7,6
8.8,0.64,0.17,0.084,0.99818,3.23,9.6,5
7.1,0.61,0.02,0.081,0.99745,3.48,9.7,6
7.7,0.6,0,0.055,0.99639,3.38,10.8,5
10.1,0.27,0.54,0.065,0.99531,3.17,12.5,6
10.8,0.89,0.3,0.132,0.99786,2.99,10.2,5
8.7,0.46,0.31,0.126,0.99746,3.1,9.6,5
9.3,0.37,0.44,0.038,0.99526,3.24,10.8,7
9.4,0.5,0.34,0.082,0.9987,3.29,10.7,6
9.4,0.5,0.34,0.082,0.9987,3.29,10.7,6
7.2,0.61,0.08,0.082,0.99641,3.25,9.4,5
8.6,0.55,0.09,0.068,0.99735,3.23,10,5
5.1,0.585,0,0.044,0.99264,3.56,12.9,7
7.7,0.56,0.08,0.114,0.9971,3.24,9.6,6
8.4,0.52,0.22,0.084,0.99682,3.26,9.9,6
8.2,0.28,0.4,0.052,0.99356,3.33,12.8,7
8.4,0.25,0.39,0.041,0.99386,3.27,12.5,7
8.2,0.28,0.4,0.052,0.99356,3.33,12.8,7
7.4,0.53,0.12,0.165,0.99702,3.26,9.2,5
7.6,0.48,0.31,0.07,0.99693,3.22,10.3,6
7.3,0.49,0.1,0.068,0.99562,3.3,10.5,5
12.9,0.5,0.55,0.072,1.00012,3.09,10.9,6
10.8,0.45,0.33,0.099,0.99818,3.24,10.8,5
6.9,0.39,0.24,0.102,0.99462,3.44,11.4,4
12.6,0.41,0.54,0.103,0.99939,3.21,11.3,6
10.8,0.45,0.33,0.099,0.99818,3.24,10.8,5
9.8,0.51,0.19,0.081,0.9984,3.23,10.5,6
10.8,0.29,0.42,0.084,0.99545,3.28,11.9,6
7.1,0.715,0,0.071,0.99632,3.29,9.4,5
9.1,0.66,0.15,0.097,0.99976,3.28,9.6,5
7,0.685,0,0.099,0.99606,3.34,9.7,5
4.9,0.42,0,0.048,0.99154,3.71,14,7
6.7,0.54,0.13,0.076,0.9973,3.61,9.8,5
6.7,0.54,0.13,0.076,0.9973,3.61,9.8,5
7.1,0.48,0.28,0.068,0.99682,3.24,10.3,5
7.1,0.46,0.14,0.076,0.99624,3.36,10.7,5
7.5,0.27,0.34,0.05,0.9951,3.4,11,7
7.1,0.46,0.14,0.076,0.99624,3.36,10.7,5
7.8,0.57,0.09,0.065,0.99417,3.46,12.7,8
5.9,0.61,0.08,0.071,0.99376,3.56,11.1,6
7.5,0.685,0.07,0.058,0.99632,3.38,10.9,4
5.9,0.61,0.08,0.071,0.99376,3.56,11.1,6
10.4,0.44,0.42,0.145,0.99832,3.38,9.9,3
11.6,0.47,0.44,0.147,0.99836,3.38,9.9,4
8.8,0.685,0.26,0.088,0.99694,3.32,9.4,5
7.6,0.665,0.1,0.066,0.99655,3.39,9.3,5
6.7,0.28,0.28,0.012,0.99064,3.26,11.7,7
6.7,0.28,0.28,0.012,0.99064,3.26,11.7,7
10.1,0.31,0.35,0.075,0.99672,3.24,11.2,7
6,0.5,0.04,0.092,0.99647,3.46,10,5
11.1,0.42,0.47,0.085,0.99736,3.24,12.1,7
6.6,0.66,0,0.115,0.99629,3.45,10.3,5
10.6,0.5,0.45,0.119,0.99708,3.23,10.9,6
7.1,0.685,0.35,0.088,0.9963,3.28,9.4,5
9.9,0.25,0.46,0.062,0.9959,3.18,10.6,6
6.4,0.64,0.21,0.081,0.99689,3.59,9.8,5
6.4,0.64,0.21,0.081,0.99689,3.59,9.8,5
7.4,0.68,0.16,0.078,0.9977,3.5,9.9,6
6.4,0.64,0.21,0.081,0.99689,3.59,9.8,5
6.4,0.63,0.21,0.08,0.99689,3.58,9.8,5
9.3,0.43,0.44,0.085,0.99708,3.28,9.5,5
9.3,0.43,0.44,0.085,0.99708,3.28,9.5,5
8,0.42,0.32,0.08,0.99801,3.22,9.7,5
9.3,0.36,0.39,0.08,0.99652,3.47,10.9,6
9.3,0.36,0.39,0.08,0.99652,3.47,10.9,6
7.6,0.735,0.02,0.071,0.99538,3.51,11.7,7
9.3,0.36,0.39,0.08,0.99652,3.47,10.9,6
8.2,0.26,0.34,0.073,0.99594,3.4,11.3,7
11.7,0.28,0.47,0.054,0.99686,3.15,10.6,7
6.8,0.56,0.22,0.074,0.99438,3.4,11.2,6
7.2,0.62,0.06,0.077,0.99746,3.51,9.5,5
5.8,1.01,0.66,0.039,0.99357,3.66,11.5,6
7.5,0.42,0.32,0.067,0.99628,3.24,10.4,5
7.2,0.62,0.06,0.078,0.99746,3.51,9.7,5
7.2,0.62,0.06,0.077,0.99746,3.51,9.5,5
7.2,0.635,0.07,0.077,0.99748,3.51,9.7,5
6.8,0.49,0.22,0.071,0.99438,3.41,11.3,6
6.9,0.51,0.23,0.072,0.99438,3.4,11.2,6
6.8,0.56,0.22,0.074,0.99438,3.4,11.2,6
7.6,0.63,0.03,0.08,0.99578,3.44,10.9,6
7.7,0.715,0.01,0.064,0.99371,3.41,11.8,6
6.9,0.56,0.03,0.086,0.99522,3.53,10.6,5
7.3,0.35,0.24,0.067,0.99576,3.43,10,4
9.1,0.21,0.37,0.067,0.99552,3.23,11.1,7
10.4,0.38,0.46,0.104,0.99664,3.12,11.8,7
8.8,0.31,0.4,0.109,0.99614,3.31,11.8,7
7.1,0.47,0,0.067,0.99517,3.4,10.9,4
7.7,0.715,0.01,0.064,0.99371,3.41,11.8,6
8.8,0.61,0.19,0.094,0.99787,3.22,10,6
7.2,0.6,0.04,0.076,0.99745,3.53,9.5,5
9.2,0.56,0.18,0.078,0.99576,3.15,9.9,5
7.6,0.715,0,0.068,0.99533,3.48,11.4,6
8.4,0.31,0.29,0.194,0.99536,3.22,12,6
7.2,0.6,0.04,0.076,0.99745,3.53,9.5,5
8.8,0.61,0.19,0.094,0.99787,3.22,10,6
8.9,0.75,0.14,0.086,0.99824,3.34,10.5,5
9,0.8,0.12,0.083,0.99836,3.33,10.4,6
10.7,0.52,0.38,0.066,0.99577,3.15,12.1,7
6.8,0.57,0,0.072,0.99491,3.43,11.2,6
10.7,0.9,0.34,0.112,1.00289,3.22,9.3,5
7.2,0.34,0.24,0.071,0.99576,3.44,10.1,5
7.2,0.66,0.03,0.078,0.99743,3.53,9.7,5
10.1,0.45,0.23,0.082,0.99774,3.22,9.3,6
7.2,0.66,0.03,0.078,0.99743,3.53,9.7,5
7.2,0.63,0.03,0.08,0.99745,3.53,9.8,6
7.1,0.59,0.01,0.08,0.9955,3.42,10.7,6
8.3,0.31,0.39,0.078,0.99444,3.31,12.5,7
7.1,0.59,0.01,0.08,0.9955,3.42,10.7,6
8.3,0.31,0.39,0.078,0.99444,3.31,12.5,7
8.3,1.02,0.02,0.084,0.99892,3.48,11,3
8.9,0.31,0.36,0.056,0.99562,3.4,11.8,5
7.4,0.635,0.1,0.08,0.99736,3.58,10.8,7
7.4,0.635,0.1,0.08,0.99736,3.58,10.8,7
6.8,0.59,0.06,0.06,0.9962,3.41,10.8,7
6.8,0.59,0.06,0.06,0.9962,3.41,10.8,7
9.2,0.58,0.2,0.081,0.998,3.23,9.5,5
7.2,0.54,0.27,0.084,0.9964,3.39,11,5
6.1,0.56,0,0.079,0.9948,3.59,11.5,6
7.4,0.52,0.13,0.078,0.99528,3.43,10.8,6
7.3,0.305,0.39,0.059,0.99331,3.29,11.5,6
9.3,0.38,0.48,0.132,0.99577,3.23,13.2,6
9.1,0.28,0.46,0.114,0.99901,3.18,10.9,6
10,0.46,0.44,0.065,0.99674,3.33,12.2,6
9.4,0.395,0.46,0.094,0.99639,3.27,12.2,7
7.3,0.305,0.39,0.059,0.99331,3.29,11.5,6
8.6,0.315,0.4,0.079,0.99512,3.27,11.9,6
5.3,0.715,0.19,0.161,0.99395,3.62,11,5
6.8,0.41,0.31,0.084,0.99824,3.38,10.1,6
8.4,0.36,0.32,0.081,0.9964,3.3,11,6
8.4,0.62,0.12,0.072,0.99504,3.38,11.8,6
9.6,0.41,0.37,0.091,0.99786,3.24,10.5,5
8.4,0.36,0.32,0.081,0.9964,3.3,11,6
8.4,0.62,0.12,0.072,0.99504,3.38,11.8,6
6.8,0.41,0.31,0.084,0.99824,3.38,10.1,6
8.6,0.47,0.27,0.055,0.99516,3.18,11.2,5
8.6,0.22,0.36,0.064,0.99604,3.47,11,7
9.4,0.24,0.33,0.061,0.99786,3.47,10.2,6
8.4,0.67,0.19,0.093,0.99736,3.2,9.2,4
8.6,0.47,0.27,0.055,0.99516,3.18,11.2,5
8.7,0.33,0.38,0.063,0.99468,3.3,12,7
6.6,0.61,0.01,0.08,0.99746,3.69,10.5,5
7.4,0.61,0.01,0.074,0.99748,3.48,9.8,5
7.6,0.4,0.29,0.078,0.9971,3.45,9.5,6
7.4,0.61,0.01,0.074,0.99748,3.48,9.8,5
6.6,0.61,0.01,0.08,0.99746,3.69,10.5,5
8.8,0.3,0.38,0.06,0.99543,3.39,11.8,6
8.8,0.3,0.38,0.06,0.99543,3.39,11.8,6
12,0.63,0.5,0.071,0.99791,3.07,10.4,4
7.2,0.38,0.38,0.068,0.99356,3.34,12.9,7
6.2,0.46,0.17,0.073,0.99425,3.61,11.4,5
9.6,0.33,0.52,0.074,0.99509,3.36,12.4,7
9.9,0.27,0.49,0.082,0.99484,3.19,12.5,7
10.1,0.43,0.4,0.092,0.99834,3.22,10,7
9.8,0.5,0.34,0.094,0.99864,3.24,9.7,7
8.3,0.3,0.49,0.09,0.99498,3.27,12.1,7
10.2,0.44,0.42,0.071,0.99566,3.14,11.1,7
10.2,0.44,0.58,0.092,0.99745,3.29,12,7
8.3,0.28,0.48,0.093,0.99408,3.26,12.4,7
8.9,0.12,0.45,0.075,0.99552,3.41,11.9,7
8.9,0.12,0.45,0.075,0.99552,3.41,11.9,7
8.9,0.12,0.45,0.075,0.99552,3.41,11.9,7
8.3,0.28,0.48,0.093,0.99408,3.26,12.4,7
8.2,0.31,0.4,0.058,0.99536,3.31,11.2,7
10.2,0.34,0.48,0.052,0.99458,3.2,12.1,7
7.6,0.43,0.4,0.082,0.99538,3.44,12.2,6
8.5,0.21,0.52,0.09,0.99648,3.36,10.4,5
9,0.36,0.52,0.111,0.99568,3.31,11.3,6
9.5,0.37,0.52,0.088,0.99613,3.29,11.1,6
6.4,0.57,0.12,0.12,0.99519,3.47,11.3,7
8,0.59,0.05,0.089,0.99735,3.36,10,5
8.5,0.47,0.27,0.058,0.99518,3.16,11.1,6
7.1,0.56,0.14,0.078,0.99592,3.27,9.3,5
6.6,0.57,0.02,0.115,0.99654,3.38,9.5,5
8.8,0.27,0.39,0.1,0.99546,3.15,11.2,6
8.5,0.47,0.27,0.058,0.99518,3.16,11.1,6
8.3,0.34,0.4,0.065,0.99554,3.34,11,6
9,0.38,0.41,0.103,0.99604,3.13,11.9,7
8.5,0.66,0.2,0.097,0.99733,3.13,9.2,5
9,0.4,0.43,0.068,0.9943,3.2,12.2,6
6.7,0.56,0.09,0.079,0.99669,3.46,10.2,5
10.4,0.26,0.48,0.066,0.99724,3.33,10.9,6
10.4,0.26,0.48,0.066,0.99724,3.33,10.9,6
10.1,0.38,0.5,0.104,0.99643,3.22,11.6,7
8.5,0.34,0.44,0.079,0.99605,3.52,10.7,5
8.8,0.33,0.41,0.073,0.99658,3.3,12.1,7
7.2,0.41,0.3,0.083,0.997,3.44,9.4,5
7.2,0.41,0.3,0.083,0.997,3.44,9.4,5
8.4,0.59,0.29,0.109,0.99801,3.15,9.1,5
7,0.4,0.32,0.061,0.99416,3.28,11.3,7
12.2,0.45,0.49,0.075,0.9969,3.13,10.4,5
9.1,0.5,0.3,0.065,0.99774,3.32,10.5,6
9.5,0.86,0.26,0.079,0.99712,3.25,10,5
7.3,0.52,0.32,0.07,0.99418,3.34,12.9,6
9.1,0.5,0.3,0.065,0.99774,3.32,10.5,6
12.2,0.45,0.49,0.075,0.9969,3.13,10.4,5
7.4,0.58,0,0.064,0.99562,3.45,11.3,6
9.8,0.34,0.39,0.066,0.9947,3.19,11.4,7
7.1,0.36,0.3,0.08,0.99693,3.44,9.4,5
7.7,0.39,0.12,0.097,0.99596,3.16,9.4,5
9.7,0.295,0.4,0.073,0.99556,3.14,10.9,6
7.7,0.39,0.12,0.097,0.99596,3.16,9.4,5
7.1,0.34,0.28,0.082,0.99694,3.45,9.4,5
6.5,0.4,0.1,0.076,0.99554,3.36,9.4,6
7.1,0.34,0.28,0.082,0.99694,3.45,9.4,5
10,0.35,0.45,0.092,0.99918,3.15,9.4,5
7.7,0.6,0.06,0.079,0.99697,3.39,10.1,6
5.6,0.66,0,0.087,0.99378,3.71,12.8,7
5.6,0.66,0,0.087,0.99378,3.71,12.8,7
8.9,0.84,0.34,0.05,0.99554,3.12,9.1,6
6.4,0.69,0,0.055,0.99162,3.47,12.9,6
7.5,0.43,0.3,0.062,0.99495,3.44,11.5,7
9.9,0.35,0.38,0.058,0.99676,3.26,10.6,7
9.1,0.29,0.33,0.063,0.99516,3.26,11.7,7
6.8,0.36,0.32,0.067,0.9928,3.36,12.8,7
8.2,0.43,0.29,0.081,0.99603,3.25,10.3,5
6.8,0.36,0.32,0.067,0.9928,3.36,12.8,7
9.1,0.29,0.33,0.063,0.99516,3.26,11.7,7
9.1,0.3,0.34,0.064,0.99516,3.26,11.7,7
8.9,0.35,0.4,0.11,0.99549,3.23,12,7
9.6,0.5,0.36,0.116,0.99722,3.18,10.9,5
8.9,0.28,0.45,0.067,0.99354,3.25,12.3,7
8.9,0.32,0.31,0.088,0.9957,3.17,10.4,6
7.7,1.005,0.15,0.102,0.99604,3.23,10,5
7.5,0.71,0,0.092,0.99635,3.38,10,6
8,0.58,0.16,0.12,0.99454,3.22,11.2,6
10.5,0.39,0.46,0.075,0.99598,3.06,11.4,6
8.9,0.38,0.4,0.068,0.99486,3.27,12.6,7
8,0.18,0.37,0.049,0.99007,2.89,12.7,6
8,0.18,0.37,0.049,0.99007,2.89,12.7,6
7,0.5,0.14,0.078,0.99636,3.53,10.4,5
11.3,0.36,0.66,0.123,0.99642,3.2,11.9,6
11.3,0.36,0.66,0.123,0.99642,3.2,11.9,6
7,0.51,0.09,0.062,0.99584,3.35,10.5,5
8.2,0.32,0.42,0.098,0.99506,3.27,12.3,6
7.7,0.58,0.01,0.088,0.99568,3.32,10.5,7
8.6,0.83,0,0.095,0.99822,3.33,10.4,6
7.9,0.31,0.32,0.066,0.99364,3.41,12.6,6
6.4,0.795,0,0.065,0.99378,3.49,11.6,5
7.2,0.34,0.21,0.075,0.99586,3.37,10.1,6
7.7,0.58,0.01,0.088,0.99568,3.32,10.5,7
7.1,0.59,0,0.091,0.99488,3.42,11.5,7
7.3,0.55,0.01,0.093,0.99514,3.35,11,7
8.1,0.82,0,0.095,0.99854,3.36,9.6,5
7.5,0.57,0.08,0.089,0.99592,3.3,10.4,6
8.9,0.745,0.18,0.077,0.99739,3.2,9.7,6
10.1,0.37,0.34,0.085,0.99683,3.17,10.6,7
7.6,0.31,0.34,0.082,0.99356,3.22,12.5,7
7.3,0.91,0.1,0.074,0.99672,3.35,9.2,5
8.7,0.41,0.41,0.078,0.9953,3.24,12.6,7
8.9,0.5,0.21,0.088,0.99692,3.33,11.1,6
7.4,0.965,0,0.088,0.99756,3.58,10.2,5
6.9,0.49,0.19,0.079,0.99547,3.38,9.8,6
8.9,0.5,0.21,0.088,0.99692,3.33,11.1,6
9.5,0.39,0.41,0.069,0.99859,3.29,10.9,7
6.4,0.39,0.33,0.046,0.99294,3.36,12.2,6
6.9,0.44,0,0.07,0.99438,3.32,11.4,6
7.6,0.78,0,0.076,0.99612,3.31,10.7,6
7.1,0.43,0.17,0.082,0.99634,3.49,10.4,5
9.3,0.49,0.36,0.081,0.99702,3.27,10.9,6
9.3,0.5,0.36,0.084,0.99704,3.27,10.8,6
7.1,0.43,0.17,0.082,0.99634,3.49,10.4,5
8.5,0.46,0.59,0.414,0.99702,3.03,9.2,5
5.6,0.605,0.05,0.073,0.99258,3.56,12.9,5
8.3,0.33,0.42,0.07,0.99426,3.38,12.7,7
8.2,0.64,0.27,0.095,0.99747,3.13,9.1,6
8.2,0.64,0.27,0.095,0.99747,3.13,9.1,6
8.9,0.48,0.53,0.101,0.99586,3.21,12.1,7
7.6,0.42,0.25,0.104,0.99784,3.15,9.1,5
9.9,0.53,0.57,0.093,0.9971,3.19,11.6,7
8.9,0.48,0.53,0.101,0.99586,3.21,12.1,7
11.6,0.23,0.57,0.074,0.9981,3.14,9.9,6
9.1,0.4,0.5,0.071,0.99462,3.21,12.5,8
8,0.38,0.44,0.098,0.9956,3.3,11.4,6
10.2,0.29,0.65,0.075,0.99565,3.22,11.8,6
8.2,0.74,0.09,0.067,0.99418,3.28,11.8,6
7.7,0.61,0.18,0.083,0.9963,3.29,10.2,6
6.6,0.52,0.08,0.07,0.99358,3.4,12.5,7
11.1,0.31,0.53,0.06,0.99572,3.02,10.9,7
11.1,0.31,0.53,0.06,0.99572,3.02,10.9,7
8,0.62,0.35,0.086,0.997,3.31,10.8,5
9.3,0.33,0.45,0.057,0.99498,3.18,11.1,7
7.5,0.77,0.2,0.098,0.99892,3.2,9.2,5
7.2,0.35,0.26,0.083,0.9968,3.4,9.5,6
8,0.62,0.33,0.088,0.9972,3.31,10.7,6
7.5,0.77,0.2,0.098,0.99892,3.2,9.2,5
9.1,0.25,0.34,0.071,0.99769,3.44,10.2,7
9.9,0.32,0.56,0.073,0.99534,3.15,11.4,6
8.6,0.37,0.65,0.08,0.99817,3.27,11,5
8.6,0.37,0.65,0.08,0.99817,3.27,11,5
7.9,0.3,0.68,0.05,0.99316,3.01,12.3,7
10.3,0.27,0.56,0.047,0.99471,3.16,11.8,6
7.9,0.3,0.68,0.05,0.99316,3.01,12.3,7
7.2,0.38,0.3,0.073,0.99685,3.42,9.5,6
8.7,0.42,0.45,0.072,0.99617,3.33,12,6
7.2,0.38,0.3,0.073,0.99685,3.42,9.5,6
6.8,0.48,0.08,0.074,0.99529,3.12,9.6,5
8.5,0.34,0.4,0.055,0.99738,3.38,11.6,7
7.9,0.19,0.42,0.057,0.994,3.29,11.2,6
11.6,0.41,0.54,0.095,0.99735,3.02,9.9,7
11.6,0.41,0.54,0.095,0.99735,3.02,9.9,7
10,0.26,0.54,0.083,0.99451,2.98,11.8,8
7.9,0.34,0.42,0.086,0.99546,3.35,11.4,6
7,0.54,0.09,0.081,0.99479,3.43,11.5,6
9.2,0.31,0.36,0.079,0.99615,3.33,12,7
6.6,0.725,0.09,0.117,0.99655,3.35,10.8,6
9.4,0.4,0.47,0.087,0.99772,3.15,10.5,5
6.6,0.725,0.09,0.117,0.99655,3.35,10.8,6
8.6,0.52,0.38,0.096,0.99666,3.2,9.4,5
8,0.31,0.45,0.216,0.99358,3.15,12.5,7
8.6,0.52,0.38,0.096,0.99666,3.2,9.4,5
8.4,0.34,0.42,0.072,0.99392,3.11,12.4,6
7.4,0.49,0.27,0.071,0.99388,3.35,12,6
6.1,0.48,0.09,0.078,0.99402,3.45,11.2,6
7.4,0.49,0.27,0.071,0.99388,3.35,12,6
8,0.48,0.34,0.073,0.9936,3.28,12.4,6
6.3,0.57,0.28,0.048,0.99374,3.41,12.8,5
8.2,0.23,0.42,0.069,0.99376,3.21,12.3,6
9.1,0.3,0.41,0.068,0.99523,3.27,11.7,7
8.1,0.78,0.1,0.09,0.99855,3.36,9.5,5
10.8,0.47,0.43,0.171,0.9982,3.17,10.8,6
8.3,0.53,0,0.07,0.99593,3.25,10,6
5.4,0.42,0.27,0.092,0.99471,3.78,12.3,7
7.9,0.33,0.41,0.056,0.99396,3.29,11,6
8.9,0.24,0.39,0.074,0.99698,3.12,9.5,6
5,0.4,0.5,0.046,0.9902,3.49,13.6,6
7,0.69,0.07,0.091,0.99572,3.38,11.3,6
7,0.69,0.07,0.091,0.99572,3.38,11.3,6
7,0.69,0.07,0.091,0.99572,3.38,11.3,6
7.1,0.39,0.12,0.065,0.99252,3.3,13.3,6
5.6,0.66,0,0.066,0.99256,3.52,12.9,5
7.9,0.54,0.34,0.076,0.99235,3.2,13.1,8
6.6,0.5,0,0.062,0.99352,3.44,12.3,6
6.3,0.47,0,0.055,0.9922,3.45,12.3,6
10.7,0.4,0.37,0.081,0.99674,3.12,11.2,6
6.5,0.58,0,0.096,0.99557,3.62,11.5,4
8.8,0.24,0.35,0.055,0.99394,3.14,11.3,7
5.8,0.29,0.26,0.063,0.9915,3.39,13.5,6
6.3,0.76,0,0.072,0.99379,3.51,11.5,6
10,0.43,0.33,0.095,0.9984,3.22,10,5
10.5,0.43,0.35,0.092,0.99798,3.21,10.5,6
9.1,0.6,0,0.058,0.9977,3.18,10.4,6
5.9,0.19,0.21,0.045,0.99341,3.32,9.5,5
7.4,0.36,0.34,0.075,0.9933,3.38,13.6,7
7.2,0.48,0.07,0.089,0.99684,3.37,11.2,7
8.5,0.28,0.35,0.061,0.99524,3.3,11.8,7
8,0.25,0.43,0.067,0.9946,3.38,11.9,6
10.4,0.52,0.45,0.08,0.99774,3.22,11.4,6
10.4,0.52,0.45,0.08,0.99774,3.22,11.4,6
7.5,0.41,0.15,0.104,0.99786,3.14,9.1,5
8.2,0.51,0.24,0.079,0.99764,3.34,9.5,6
7.3,0.4,0.3,0.08,0.9969,3.41,9.5,6
8.2,0.38,0.32,0.08,0.99624,3.27,11,6
6.9,0.45,0.11,0.043,0.99354,3.3,11.4,6
7,0.22,0.3,0.065,0.99672,3.61,10,6
7.3,0.32,0.23,0.066,0.99588,3.43,10.1,5
8.2,0.2,0.43,0.076,0.99672,3.53,10.4,6
7.8,0.5,0.12,0.178,0.996,3.28,9.8,6
10,0.41,0.45,0.071,0.99702,3.21,11.8,7
7.8,0.39,0.42,0.086,0.99526,3.39,11.6,6
10,0.35,0.47,0.061,0.99585,3.23,12,6
8.2,0.33,0.32,0.067,0.99473,3.3,12.8,7
6.1,0.58,0.23,0.044,0.99352,3.46,12.5,6
8.3,0.6,0.25,0.118,0.99616,3.15,9.8,5
9.6,0.42,0.35,0.083,0.99622,3.23,11.1,6
6.6,0.58,0,0.1,0.99544,3.59,11.4,6
8.3,0.6,0.25,0.118,0.99616,3.15,9.8,5
8.5,0.18,0.51,0.071,0.99524,3.33,11.8,7
5.1,0.51,0.18,0.042,0.9924,3.46,12.9,7
6.7,0.41,0.43,0.076,0.99572,3.42,10.6,6
10.2,0.41,0.43,0.11,0.99728,3.16,10.8,5
10.6,0.36,0.57,0.087,0.99676,3.14,11.1,7
8.8,0.45,0.43,0.076,0.99551,3.21,10.2,6
8.5,0.32,0.42,0.075,0.99434,3.14,11.8,7
9,0.785,0.24,0.078,0.99692,3.29,10,5
9,0.785,0.24,0.078,0.99692,3.29,10,5
8.5,0.44,0.5,0.369,0.99634,3.01,9.4,5
9.9,0.54,0.26,0.111,0.99709,2.94,10.2,5
8.2,0.33,0.39,0.074,0.99528,3.32,12.4,7
6.5,0.34,0.27,0.067,0.99384,3.21,12,6
7.6,0.5,0.29,0.086,0.99502,3.32,11.5,6
9.2,0.36,0.34,0.062,0.99667,3.2,10.5,6
7.1,0.59,0,0.078,0.99522,3.42,10.8,6
9.7,0.42,0.46,0.074,0.99649,3.27,12.3,6
7.6,0.36,0.31,0.079,0.99716,3.46,9.5,6
7.6,0.36,0.31,0.079,0.99716,3.46,9.5,6
6.5,0.61,0,0.095,0.99541,3.61,11.5,6
6.5,0.88,0.03,0.079,0.99572,3.58,11.2,4
7.1,0.66,0,0.052,0.99318,3.35,12.7,7
5.6,0.915,0,0.041,0.99346,3.68,11.4,5
8.2,0.35,0.33,0.076,0.99599,3.27,11,6
8.2,0.35,0.33,0.076,0.99599,3.27,11,6
9.8,0.39,0.43,0.068,0.99478,3.19,11.4,5
10.2,0.4,0.4,0.068,0.99754,3.38,10.5,6
6.8,0.66,0.07,0.07,0.99572,3.29,9.3,5
6.7,0.64,0.23,0.08,0.99538,3.36,10.9,5
7,0.43,0.3,0.085,0.99346,3.33,11.9,6
6.6,0.8,0.03,0.079,0.9963,3.52,12.2,5
7,0.43,0.3,0.085,0.99346,3.33,11.9,6
6.7,0.64,0.23,0.08,0.99538,3.36,10.9,5
8.8,0.955,0.05,0.075,0.99616,3.3,9.6,4
9.1,0.4,0.57,0.08,0.99652,3.28,12.5,6
6.5,0.885,0,0.166,0.99551,3.56,10.8,5
7.2,0.25,0.37,0.063,0.99439,3.52,12.4,7
6.4,0.885,0,0.166,0.99551,3.56,10.8,5
7,0.745,0.12,0.114,0.99588,3.22,9.5,6
6.2,0.43,0.22,0.078,0.99633,3.52,9.5,6
7.9,0.58,0.23,0.076,0.99686,3.21,9.5,6
7.7,0.57,0.21,0.069,0.99458,3.16,9.8,6
7.7,0.26,0.26,0.052,0.9951,3.15,10.9,6
7.9,0.58,0.23,0.076,0.99686,3.21,9.5,6
7.7,0.57,0.21,0.069,0.99458,3.16,9.8,6
7.9,0.34,0.36,0.065,0.99419,3.27,11.2,7
8.6,0.42,0.39,0.068,0.99516,3.35,11.7,8
9.9,0.74,0.19,0.111,0.99878,3.14,9.4,5
7.2,0.36,0.46,0.074,0.99534,3.4,11,7
7.2,0.36,0.46,0.074,0.99534,3.4,11,7
7.2,0.36,0.46,0.074,0.99534,3.4,11,7
9.9,0.72,0.55,0.136,0.99752,3.35,10,5
7.2,0.36,0.46,0.074,0.99534,3.4,11,7
6.2,0.39,0.43,0.071,0.99428,3.45,11.2,7
6.8,0.65,0.02,0.078,0.99498,3.35,10.4,6
6.6,0.44,0.15,0.076,0.9957,3.32,9.3,5
6.8,0.65,0.02,0.078,0.99498,3.35,10.4,6
9.6,0.38,0.42,0.071,0.99659,3.15,10.5,6
10.2,0.33,0.46,0.081,0.99628,3.1,10.4,6
8.8,0.27,0.46,0.095,0.99488,3.26,11.3,6
7.9,0.57,0.31,0.079,0.99677,3.29,9.5,6
8.2,0.34,0.37,0.057,0.99408,3.23,12,6
8.2,0.4,0.31,0.082,0.996,3.24,10.6,6
9,0.39,0.4,0.044,0.99478,3.2,10.9,6
10.9,0.32,0.52,0.132,0.99734,3.28,11.5,6
10.9,0.32,0.52,0.132,0.99734,3.28,11.5,6
8.1,0.53,0.22,0.078,0.99678,3.26,9.6,6
10.5,0.36,0.47,0.074,0.99638,3.23,12,6
12.6,0.39,0.49,0.08,0.9992,3.07,10.3,6
9.2,0.46,0.23,0.091,0.99922,3.15,9.4,5
7.5,0.58,0.03,0.08,0.99592,3.02,9.2,5
9,0.58,0.25,0.104,0.99769,3.27,9.6,5
5.1,0.42,0,0.044,0.99157,3.68,13.6,7
7.6,0.43,0.29,0.075,0.99718,3.4,9.5,5
7.7,0.18,0.34,0.066,0.9947,3.37,11.8,6
7.8,0.815,0.01,0.074,0.99621,3.38,10.8,5
7.6,0.43,0.29,0.075,0.99718,3.4,9.5,5
10.2,0.23,0.37,0.057,0.99614,3.23,9.3,4
7.1,0.75,0.01,0.059,0.99242,3.39,12.8,6
6,0.33,0.32,0.054,0.99572,3.3,11.5,4
7.8,0.55,0,0.07,0.99659,3.26,9.4,6
7.1,0.75,0.01,0.059,0.99242,3.39,12.8,6
8.1,0.73,0,0.081,0.99798,3.38,9.6,4
6.5,0.67,0,0.057,0.99488,3.45,11.8,4
7.5,0.61,0.2,0.076,0.99494,3.1,9.3,5
9.8,0.37,0.39,0.079,0.99729,3.16,9.8,5
9,0.4,0.41,0.058,0.99414,3.22,12.2,6
8.3,0.56,0.22,0.082,0.9983,3.37,9.5,5
5.9,0.29,0.25,0.067,0.99721,3.33,10.3,6
7.4,0.55,0.19,0.082,0.99655,3.49,10.5,5
7.4,0.74,0.07,0.086,0.99502,3.12,10,5
7.4,0.55,0.19,0.082,0.99655,3.49,10.5,5
6.9,0.41,0.33,0.081,0.9949,3.41,11.1,6
7.1,0.6,0.01,0.079,0.99514,3.4,10.9,6
7.1,0.6,0.01,0.079,0.99514,3.4,10.9,6
7.5,0.58,0.14,0.077,0.9963,3.28,9.8,5
7.1,0.72,0,0.123,0.99627,3.45,9.8,5
7.9,0.66,0,0.096,0.99569,3.43,9.5,5
7.8,0.7,0.06,0.079,0.99628,3.4,10.9,5
6.1,0.64,0.02,0.069,0.99358,3.47,11,5
7.5,0.59,0.22,0.082,0.99499,3.1,9.2,5
7,0.58,0.28,0.085,0.99633,3.32,11,6
6.8,0.64,0,0.123,0.99538,3.44,11.3,6
6.8,0.64,0,0.123,0.99538,3.44,11.3,6
8.6,0.635,0.68,0.403,0.99632,3.02,9.3,5
6.3,1.02,0,0.083,0.99437,3.59,11.2,4
9.8,0.45,0.38,0.081,0.99726,3.15,9.8,5
8.2,0.78,0,0.089,0.9978,3.37,9.6,4
8.5,0.37,0.32,0.066,0.99456,3.38,11.8,6
7.2,0.57,0.05,0.081,0.99564,3.38,10.3,6
7.2,0.57,0.05,0.081,0.99564,3.38,10.3,6
10.4,0.43,0.5,0.068,0.996,3.1,11.4,6
6.9,0.41,0.31,0.079,0.99668,3.47,9.5,6
5.5,0.49,0.03,0.044,0.9908,3.5,14,8
5,0.38,0.01,0.048,0.99084,3.7,14,6
7.3,0.44,0.2,0.049,0.9935,3.38,11.7,6
5.9,0.46,0,0.077,0.99385,3.5,11.2,5
7.5,0.58,0.2,0.073,0.99494,3.1,9.3,5
7.8,0.58,0.13,0.102,0.9944,3.24,11.2,6
8,0.715,0.22,0.075,0.99688,3.24,9.5,6
8.5,0.4,0.4,0.05,0.99566,3.28,12,4
7,0.69,0,0.114,0.99636,3.35,9.7,6
8,0.715,0.22,0.075,0.99688,3.24,9.5,6
9.8,0.3,0.39,0.062,0.9948,3.14,11.5,7
7.1,0.46,0.2,0.077,0.9956,3.37,10.4,6
7.1,0.46,0.2,0.077,0.9956,3.37,10.4,6
7.9,0.765,0,0.084,0.99619,3.33,10.9,6
8.7,0.63,0.28,0.096,0.99734,3.26,10.2,6
7,0.42,0.19,0.071,0.99476,3.39,10.9,5
11.3,0.37,0.5,0.09,0.99734,3.15,10.5,5
7.1,0.16,0.44,0.068,0.99328,3.35,12.4,6
8,0.6,0.08,0.056,0.99286,3.22,13,5
7,0.6,0.3,0.068,0.99914,3.3,10.2,5
7,0.6,0.3,0.068,0.99914,3.3,10.2,5
7.6,0.74,0,0.1,0.99521,3.36,11,5
8.2,0.635,0.1,0.073,0.99638,3.29,10.9,6
5.9,0.395,0.13,0.056,0.99362,3.62,12.4,6
7.5,0.755,0,0.084,0.99672,3.34,9.7,4
8.2,0.635,0.1,0.073,0.99638,3.29,10.9,6
6.6,0.63,0,0.093,0.99558,3.2,9.5,5
6.6,0.63,0,0.093,0.99558,3.2,9.5,5
7.2,0.53,0.14,0.064,0.99323,3.35,12.1,6
5.7,0.6,0,0.063,0.99191,3.45,12.2,6
7.6,1.58,0,0.137,0.99476,3.5,10.9,3
5.2,0.645,0,0.08,0.99444,3.78,12.5,6
6.7,0.86,0.07,0.1,0.99598,3.6,11.7,6
9.1,0.37,0.32,0.064,0.99576,3.3,11.2,6
8,0.28,0.44,0.081,0.99501,3.36,11.2,5
7.6,0.79,0.21,0.087,0.9955,3.12,9.2,5
7.5,0.61,0.26,0.073,0.99612,3.3,9.8,5
9.7,0.69,0.32,0.088,0.9979,3.29,10.1,5
6.8,0.68,0.09,0.068,0.99524,3.41,11.1,4
9.7,0.69,0.32,0.088,0.9979,3.29,10.1,5
7,0.62,0.1,0.071,0.996,3.28,9.2,5
7.5,0.61,0.26,0.073,0.99612,3.3,9.8,5
6.5,0.51,0.15,0.064,0.9929,3.33,12.8,6
8,1.18,0.21,0.083,0.99532,3.34,10.5,5
7,0.36,0.21,0.086,0.99558,3.4,10.1,6
7,0.36,0.21,0.086,0.99556,3.4,10.1,6
7.5,0.63,0.27,0.083,0.99616,3.26,9.8,6
5.4,0.74,0,0.041,0.99258,4.01,12.5,6
9.9,0.44,0.46,0.091,0.99638,3.18,11.9,6
7.5,0.63,0.27,0.083,0.99616,3.26,9.8,6
9.1,0.76,0.68,0.414,0.99652,2.9,9.1,6
9.7,0.66,0.34,0.094,0.99796,3.26,10.1,5
5,0.74,0,0.041,0.99258,4.01,12.5,6
9.1,0.34,0.42,0.058,0.99392,3.18,11.4,5
9.1,0.36,0.39,0.06,0.99495,3.18,11,7
6.7,0.46,0.24,0.077,0.9948,3.39,10.6,6
6.7,0.46,0.24,0.077,0.9948,3.39,10.6,6
6.7,0.46,0.24,0.077,0.9948,3.39,10.6,6
6.7,0.46,0.24,0.077,0.9948,3.39,10.6,6
6.5,0.52,0.11,0.073,0.9955,3.34,9.3,5
7.4,0.6,0.26,0.083,0.99616,3.29,9.8,6
7.4,0.6,0.26,0.083,0.99616,3.29,9.8,6
7.8,0.87,0.26,0.107,0.99668,3.26,9.2,5
8.4,0.39,0.1,0.075,0.99581,3.09,9.7,6
9.1,0.775,0.22,0.079,0.9976,3.18,9.6,5
7.2,0.835,0,0.166,0.99608,3.39,10,5
6.6,0.58,0.02,0.069,0.99387,3.38,12.6,6
6,0.5,0,0.057,0.99448,3.36,9.5,5
6,0.5,0,0.057,0.99448,3.36,9.5,5
6,0.5,0,0.057,0.99448,3.36,9.5,5
7.5,0.51,0.02,0.084,0.99538,3.36,10.5,6
7.5,0.51,0.02,0.084,0.99538,3.36,10.5,6
7.5,0.51,0.02,0.084,0.99538,3.36,10.5,6
7.6,0.54,0.02,0.085,0.99589,3.37,10.4,6
7.5,0.51,0.02,0.084,0.99538,3.36,10.5,6
11.5,0.42,0.48,0.077,0.99852,3.09,11,5
8.2,0.44,0.24,0.063,0.99613,3.25,10.2,6
6.1,0.59,0.01,0.056,0.99472,3.52,11.4,5
7.2,0.655,0.03,0.078,0.99587,3.34,9.5,5
7.2,0.655,0.03,0.078,0.99587,3.34,9.5,5
6.9,0.57,0,0.081,0.99518,3.41,10.8,5
9,0.6,0.29,0.069,0.99654,3.34,10,5
7.2,0.62,0.01,0.065,0.99332,3.32,11.8,6
7.6,0.645,0.03,0.086,0.9969,3.37,10.3,5
7.6,0.645,0.03,0.086,0.9969,3.37,10.3,5
7.2,0.58,0.03,0.077,0.99568,3.35,10,5
6.1,0.32,0.25,0.086,0.99464,3.36,10.1,5
6.1,0.34,0.25,0.084,0.99464,3.36,10.1,5
7.3,0.43,0.24,0.078,0.99648,3.6,11.1,6
7.4,0.64,0.17,0.168,0.99736,3.28,9.5,5
11.6,0.475,0.4,0.091,0.99704,3.07,10.03333333,6
9.2,0.54,0.31,0.112,0.99699,3.24,10.9,5
8.3,0.85,0.14,0.093,0.99724,3.36,10.1,5
11.6,0.475,0.4,0.091,0.99704,3.07,10.03333333,6
8,0.83,0.27,0.08,0.99652,3.29,9.8,4
7.2,0.605,0.02,0.096,0.995,3.46,11.8,6
7.8,0.5,0.09,0.115,0.9971,3.18,9.5,5
7.3,0.74,0.08,0.094,0.99576,3.24,9.8,5
6.9,0.54,0.3,0.088,0.99725,3.25,10.5,6
8,0.77,0.32,0.079,0.99656,3.27,9.8,6
6.6,0.61,0,0.069,0.99396,3.33,10.4,4
8.7,0.78,0.51,0.415,0.99623,3,9.2,5
7.5,0.58,0.56,0.153,0.99476,3.21,11.6,6
8.7,0.78,0.51,0.415,0.99623,3,9.2,5
7.7,0.75,0.27,0.11,0.99664,3.24,9.3,5
6.8,0.815,0,0.267,0.99471,3.32,9.8,3
7.2,0.56,0.26,0.083,0.99586,3.26,9.9,5
8.2,0.885,0.2,0.086,0.9946,3.11,10,5
5.2,0.49,0.26,0.09,0.9953,3.71,12.2,6
7.2,0.45,0.15,0.078,0.99609,3.29,9.9,6
7.5,0.57,0.02,0.077,0.99557,3.36,10.8,6
7.5,0.57,0.02,0.077,0.99557,3.36,10.8,6
6.8,0.83,0.09,0.074,0.99534,3.38,9.6,5
8,0.6,0.22,0.08,0.99613,3.3,9.9,5
8,0.6,0.22,0.08,0.99613,3.3,9.9,5
7.1,0.755,0.15,0.107,0.99593,3.19,9.5,5
8,0.81,0.25,0.076,0.99668,3.19,9.2,5
7.4,0.64,0.07,0.1,0.9961,3.3,9.6,5
7.4,0.64,0.07,0.1,0.9961,3.3,9.6,5
6.6,0.64,0.31,0.083,0.99718,3.35,10.3,5
6.7,0.48,0.02,0.08,0.99524,3.1,9.7,5
6,0.49,0,0.068,0.99292,3.58,12.5,6
8,0.64,0.22,0.094,0.99612,3.37,11,5
7.1,0.62,0.06,0.07,0.9942,3.17,9.8,5
8,0.52,0.25,0.078,0.99612,3.3,10.2,5
6.4,0.57,0.14,0.07,0.99669,3.32,9.2,5
8.6,0.685,0.1,0.092,0.99745,3.31,9.55,6
8.7,0.675,0.1,0.09,0.99745,3.31,9.55,5
7.3,0.59,0.26,0.08,0.99584,3.28,9.9,5
7,0.6,0.12,0.083,0.9966,3.52,10.2,7
7.2,0.67,0,0.068,0.9956,3.42,11.1,6
7.9,0.69,0.21,0.08,0.9962,3.25,9.9,5
7.9,0.69,0.21,0.08,0.9962,3.25,9.9,5
7.6,0.3,0.42,0.052,0.9963,3.44,11.9,6
7.2,0.33,0.33,0.061,0.996,3.23,10,8
8,0.5,0.39,0.082,0.9985,3.43,10.7,6
7.7,0.28,0.3,0.062,0.9952,3.28,11.3,7
8.2,0.24,0.34,0.062,0.9974,3.22,10.9,6
6,0.51,0,0.064,0.995,3.54,10.7,6
8.1,0.29,0.36,0.048,0.995,3.27,12.4,7
6,0.51,0,0.064,0.995,3.54,10.7,6
6.6,0.96,0,0.082,0.9936,3.5,11.9,6
6.4,0.47,0.4,0.071,0.9963,3.56,10.6,6
8.2,0.24,0.34,0.062,0.9974,3.22,10.9,6
9.9,0.57,0.25,0.104,0.9963,3.04,10.1,5
10,0.32,0.59,0.077,0.9994,3.2,9.6,5
6.2,0.58,0,0.065,0.9966,3.56,9.4,5
10,0.32,0.59,0.077,0.9994,3.2,9.6,5
7.3,0.34,0.33,0.064,0.9952,3.35,12.1,7
7.8,0.53,0.01,0.077,0.995,3.16,9.8,5
7.7,0.64,0.21,0.077,0.9956,3.27,9.9,5
7.8,0.53,0.01,0.077,0.995,3.16,9.8,5
7.5,0.4,0.18,0.079,0.9965,3.34,9.4,5
7,0.54,0,0.079,0.9956,3.39,11.4,6
6.4,0.53,0.09,0.123,0.9968,3.5,11,4
8.3,0.26,0.37,0.076,0.9974,3.26,9.6,6
8.3,0.26,0.37,0.076,0.9974,3.26,9.6,6
7.7,0.23,0.37,0.046,0.9971,3.41,12.1,6
7.6,0.41,0.33,0.078,0.9957,3.3,11.2,5
7.8,0.64,0,0.072,0.9962,3.31,11,5
7.9,0.18,0.4,0.049,0.996,3.33,11.3,5
7.4,0.41,0.24,0.066,0.9956,3.37,10.4,5
7.6,0.43,0.31,0.069,0.9958,3.26,9.9,6
5.9,0.44,0,0.042,0.9944,3.48,11.7,6
6.1,0.4,0.16,0.069,0.9955,3.42,10.1,7
10.2,0.54,0.37,0.214,1.00369,3.18,9,6
10.2,0.54,0.37,0.214,1.00369,3.18,9,6
10,0.38,0.38,0.169,0.99914,3.15,8.5,5
6.8,0.915,0.29,0.07,0.99577,3.53,11.1,5
7,0.59,0,0.052,0.996,3.41,10.3,5
7.3,0.67,0.02,0.072,0.99566,3.32,11.06666667,6
7.2,0.37,0.32,0.062,0.9947,3.23,11.3,7
7.4,0.785,0.19,0.094,0.99713,3.16,9.566666667,6
6.9,0.63,0.02,0.078,0.99712,3.4,9.8,5
6.9,0.58,0.2,0.058,0.99322,3.38,11.7,5
7.3,0.67,0.02,0.072,0.99566,3.32,11.1,6
7.4,0.785,0.19,0.094,0.99713,3.16,9.6,6
6.9,0.63,0.02,0.078,0.99712,3.4,9.8,5
6.8,0.67,0,0.08,0.99701,3.4,9.7,5
6.9,0.58,0.01,0.08,0.99683,3.4,9.7,5
7.2,0.38,0.31,0.056,0.99472,3.23,11.3,8
7.2,0.37,0.32,0.062,0.9947,3.23,11.3,7
7.8,0.32,0.44,0.104,0.99732,3.33,11,7
6.6,0.58,0.02,0.062,0.99374,3.35,11.6,7
7.6,0.49,0.33,0.074,0.99706,3.41,9,5
11.7,0.45,0.63,0.073,0.99974,3.21,10.9,6
6.5,0.9,0,0.052,0.99467,3.5,10.9,6
6,0.54,0.06,0.05,0.99236,3.3,10.55,6
7.6,0.49,0.33,0.074,0.99706,3.41,9,5
8.4,0.29,0.4,0.067,0.99603,3.39,10.5,5
7.9,0.2,0.35,0.054,0.99458,3.32,11.9,7
6.4,0.42,0.09,0.054,0.99724,3.41,10.4,6
6.2,0.785,0,0.06,0.99664,3.59,10,4
6.8,0.64,0.03,0.075,0.99545,3.36,10.4,6
6.9,0.63,0.01,0.076,0.99522,3.34,10.8,6
6.8,0.59,0.1,0.063,0.9958,3.41,9.7,5
6.8,0.59,0.1,0.063,0.9958,3.41,9.7,5
7.3,0.48,0.32,0.062,0.99728,3.3,10,7
6.7,1.04,0.08,0.067,0.99648,3.52,11,4
7.3,0.48,0.32,0.062,0.99728,3.3,10,7
7.3,0.98,0.05,0.061,0.99705,3.31,9.7,3
10,0.69,0.11,0.084,0.99578,2.88,9.7,5
6.7,0.7,0.08,0.067,0.99334,3.43,12.6,5
7.6,0.35,0.6,0.073,0.99656,3.38,11.1,6
6.1,0.6,0.08,0.071,0.99336,3.38,11,5
9.9,0.5,0.5,0.205,1.00242,3.16,8.8,5
5.3,0.47,0.11,0.048,0.99182,3.54,13.56666667,7
9.9,0.5,0.5,0.205,1.00242,3.16,8.8,5
5.3,0.47,0.11,0.048,0.99182,3.54,13.6,7
7.1,0.875,0.05,0.082,0.99808,3.4,10.2,3
8.2,0.28,0.6,0.104,0.99828,3.39,10.6,5
5.6,0.62,0.03,0.08,0.99498,3.66,10.1,4
8.2,0.28,0.6,0.104,0.99828,3.39,10.6,5
7.2,0.58,0.54,0.114,0.99719,3.33,10.3,4
8.1,0.33,0.44,0.042,0.99542,3.35,10.7,5
6.8,0.91,0.06,0.06,0.99592,3.53,10.9,4
7,0.655,0.16,0.074,0.99606,3.37,9.7,5
6.8,0.68,0.21,0.07,0.99546,3.38,10.3,5
6,0.64,0.05,0.066,0.99496,3.52,10.6,5
5.6,0.54,0.04,0.049,0.9942,3.72,11.4,5
6.2,0.57,0.1,0.048,0.99448,3.44,10.8,6
7.1,0.22,0.49,0.039,0.99344,3.39,12.4,6
5.6,0.54,0.04,0.049,0.9942,3.72,11.4,5
6.2,0.65,0.06,0.05,0.99348,3.57,11.95,5
7.7,0.54,0.26,0.089,0.99636,3.26,9.7,5
6.4,0.31,0.09,0.066,0.99459,3.42,10,7
7,0.43,0.02,0.08,0.99492,3.35,10.6,6
7.7,0.54,0.26,0.089,0.99636,3.26,9.7,5
6.9,0.74,0.03,0.054,0.99508,3.45,11.5,6
6.6,0.895,0.04,0.068,0.99582,3.53,10.8,6
6.9,0.74,0.03,0.054,0.99508,3.45,11.5,6
7.5,0.725,0.04,0.076,0.99508,3.26,9.6,5
7.8,0.82,0.29,0.083,0.99642,3.16,9.4,5
7.3,0.585,0.18,0.078,0.99638,3.31,9.8,5
6.2,0.44,0.39,0.077,0.99555,3.51,11,6
7.5,0.38,0.57,0.106,0.99605,3.36,11.4,6
6.7,0.76,0.02,0.078,0.996,3.55,9.95,3
6.8,0.81,0.05,0.07,0.99562,3.51,10.8,6
7.5,0.38,0.57,0.106,0.99605,3.36,11.4,6
7.1,0.27,0.6,0.074,0.99814,3.38,10.6,6
7.9,0.18,0.4,0.062,0.9941,3.28,11.1,5
6.4,0.36,0.21,0.047,0.99661,3.47,9.7,6
7.1,0.69,0.04,0.068,0.99712,3.44,9.8,5
6.4,0.79,0.04,0.061,0.99588,3.53,10.4,6
6.4,0.56,0.15,0.078,0.99294,3.33,10.5,6
6.9,0.84,0.21,0.074,0.99842,3.53,9.233333333,6
6.9,0.84,0.21,0.074,0.99842,3.53,9.25,6
6.1,0.32,0.25,0.071,0.99633,3.42,10.6,5
6.5,0.53,0.06,0.063,0.99489,3.38,10.3,6
7.4,0.47,0.46,0.114,0.99647,3.32,10.5,5
6.6,0.7,0.08,0.106,0.99665,3.44,10.2,5
6.5,0.53,0.06,0.063,0.99489,3.38,10.3,6
6.9,0.48,0.2,0.082,0.99585,3.39,9.05,4
6.1,0.32,0.25,0.071,0.99633,3.42,10.6,5
6.8,0.48,0.25,0.076,0.9953,3.34,10.4,5
6,0.42,0.19,0.075,0.99522,3.39,10,6
6.7,0.48,0.08,0.064,0.99552,3.33,9.7,5
6.8,0.47,0.08,0.064,0.99553,3.3,9.6,6
7.1,0.53,0.07,0.071,0.9951,3.29,10.8,6
7.9,0.29,0.49,0.096,0.99714,3.31,10.1,6
7.1,0.69,0.08,0.063,0.99608,3.42,10.2,6
6.6,0.44,0.09,0.063,0.99444,3.42,11.3,6
6.1,0.705,0.1,0.081,0.99631,3.6,10.2,5
7.2,0.53,0.13,0.058,0.99573,3.21,9.9,6
8,0.39,0.3,0.074,0.99717,3.39,9,5
6.6,0.56,0.14,0.064,0.99397,3.42,11.7,7
7,0.55,0.13,0.075,0.9959,3.36,9.7,6
6.1,0.53,0.08,0.077,0.99528,3.6,10.3,6
5.4,0.58,0.08,0.059,0.99484,3.5,10.2,6
6.2,0.64,0.09,0.081,0.99538,3.57,12,5
7.2,0.39,0.32,0.065,0.99714,3.46,9.9,5
6.2,0.52,0.08,0.071,0.99646,3.56,11.6,6
7.4,0.25,0.29,0.054,0.99666,3.4,10.9,7
6.7,0.855,0.02,0.064,0.99472,3.3,10.75,6
11.1,0.44,0.42,0.064,0.99758,3.25,10.4,6
8.4,0.37,0.43,0.063,0.9955,3.17,11.2,7
6.5,0.63,0.33,0.059,0.99531,3.36,10.1,6
7,0.57,0.02,0.072,0.99575,3.36,10.2,5
6.3,0.6,0.1,0.048,0.99306,3.55,12.1,5
11.2,0.4,0.5,0.099,0.99783,3.1,10.4,5
7.4,0.36,0.3,0.074,0.99419,3.24,11.4,8
7.1,0.68,0,0.087,0.99783,3.45,9.5,5
7.1,0.67,0,0.083,0.99768,3.44,9.4,5
6.3,0.68,0.01,0.103,0.99586,3.51,11.3,6
7.3,0.735,0,0.08,0.99765,3.41,9.4,5
6.6,0.855,0.02,0.062,0.99627,3.54,11,6
7,0.56,0.17,0.065,0.99514,3.44,10.55,7
6.6,0.88,0.04,0.066,0.99636,3.53,9.9,5
6.6,0.855,0.02,0.062,0.99627,3.54,11,6
6.9,0.63,0.33,0.235,0.99787,3.22,9.5,5
7.8,0.6,0.26,0.08,0.99622,3.21,9.9,5
7.8,0.6,0.26,0.08,0.99622,3.21,9.9,5
7.8,0.6,0.26,0.08,0.99622,3.21,9.9,5
7.2,0.695,0.13,0.076,0.99546,3.29,10.1,5
7.2,0.695,0.13,0.076,0.99546,3.29,10.1,5
7.2,0.695,0.13,0.076,0.99546,3.29,10.1,5
6.7,0.67,0.02,0.061,0.99489,3.39,10.9,6
6.7,0.16,0.64,0.059,0.99494,3.34,11.2,6
7.2,0.695,0.13,0.076,0.99546,3.29,10.1,5
7,0.56,0.13,0.077,0.99629,3.34,9.2,5
6.2,0.51,0.14,0.056,0.99396,3.48,11.5,6
6.4,0.36,0.53,0.23,0.9934,3.37,12.4,6
6.4,0.38,0.14,0.038,0.99514,3.44,11.1,6
7.3,0.69,0.32,0.069,0.99632,3.33,9.5,5
6,0.58,0.2,0.075,0.99467,3.58,12.5,6
5.6,0.31,0.78,0.074,0.99677,3.39,10.5,6
7.5,0.52,0.4,0.06,0.99474,3.26,11.8,6
8,0.3,0.63,0.081,0.99588,3.3,10.8,6
6.2,0.7,0.15,0.076,0.99622,3.54,11.9,6
6.8,0.67,0.15,0.118,0.9954,3.42,11.3,6
6.2,0.56,0.09,0.053,0.99402,3.54,11.3,5
7.4,0.35,0.33,0.068,0.9947,3.36,11.9,6
6.2,0.56,0.09,0.053,0.99402,3.54,11.3,5
6.1,0.715,0.1,0.053,0.99362,3.57,11.9,5
6.2,0.46,0.29,0.074,0.99578,3.33,9.8,5
6.7,0.32,0.44,0.061,0.99484,3.29,11.6,7
7.2,0.39,0.44,0.066,0.99494,3.3,11.5,6
7.5,0.31,0.41,0.065,0.99492,3.34,11.4,6
5.8,0.61,0.11,0.066,0.99483,3.55,10.9,6
7.2,0.66,0.33,0.068,0.99414,3.27,12.8,6
6.6,0.725,0.2,0.073,0.9977,3.29,9.2,5
6.3,0.55,0.15,0.077,0.99314,3.32,11.6,6
5.4,0.74,0.09,0.089,0.99402,3.67,11.6,6
6.3,0.51,0.13,0.076,0.99574,3.42,11,6
6.8,0.62,0.08,0.068,0.99651,3.42,9.5,6
6.2,0.6,0.08,0.09,0.9949,3.45,10.5,5
5.9,0.55,0.1,0.062,0.99512,3.52,11.2,6
6.3,0.51,0.13,0.076,0.99574,3.42,11,6
5.9,0.645,0.12,0.075,0.99547,3.57,10.2,5
6,0.31,0.47,0.067,0.99549,3.39,11,6
